t_rel_s	n_procs	conns_established	conns_archive	rss_mb	top_hosts
0.00	4	0	0	20.8	-
0.20	5	0	0	66.3	-
0.41	6	1	1	76.6	193.62.193.80:1
0.63	8	3	3	97.5	193.62.193.80:3
0.85	9	4	4	108.1	193.62.193.80:4
1.08	9	4	4	108.1	193.62.193.80:4
1.31	9	4	4	108.0	193.62.193.80:4
1.53	8	3	3	97.9	193.62.193.80:3
1.75	9	4	4	108.4	193.62.193.80:4
1.98	9	4	4	108.4	193.62.193.80:4
2.21	9	4	4	108.3	193.62.193.80:4
2.44	10	5	5	109.4	193.62.193.80:4,169.254.169.254:1
2.67	10	5	5	98.7	169.254.169.254:3,193.62.193.80:2
2.90	10	5	5	89.8	169.254.169.254:5
3.13	10	6	6	89.8	169.254.169.254:6
3.37	10	6	6	89.8	169.254.169.254:6
3.60	10	6	6	89.8	169.254.169.254:6
3.84	10	6	6	89.8	169.254.169.254:6
4.07	10	6	6	89.8	169.254.169.254:6
4.29	10	5	5	89.8	169.254.169.254:5
4.53	9	5	5	84.4	169.254.169.254:5
4.75	9	5	5	84.4	169.254.169.254:4,130.14.29.113:1
4.98	7	3	3	73.5	169.254.169.254:3
5.20	7	3	3	73.5	130.14.29.113:2,169.254.169.254:1
5.42	5	1	1	62.3	130.14.29.113:1
5.63	4	2	2	58.1	193.62.193.165:2
5.84	4	2	2	58.5	193.62.193.165:2
6.05	4	2	2	58.5	193.62.193.165:2
6.25	4	2	2	58.6	193.62.193.165:2
6.46	4	2	2	58.6	193.62.193.165:2
6.67	4	2	2	58.6	193.62.193.165:2
6.87	4	2	2	58.6	193.62.193.165:2
7.08	4	2	2	58.7	193.62.193.165:2
7.29	4	2	2	58.7	193.62.193.165:2
7.50	4	2	2	59.2	193.62.193.165:2
7.70	4	2	2	59.8	193.62.193.165:2
7.91	4	2	2	59.6	193.62.193.165:2
8.12	4	2	2	59.9	193.62.193.165:2
8.33	4	2	2	60.2	193.62.193.165:2
8.53	4	2	2	60.2	193.62.193.165:2
8.74	4	2	2	59.9	193.62.193.165:2
8.95	4	2	2	59.9	193.62.193.165:2
9.16	4	2	2	59.9	193.62.193.165:2
9.37	4	3	3	59.9	193.62.193.165:2,16.15.236.164:1
9.57	4	3	3	60.2	193.62.193.165:2,16.15.236.164:1
9.78	4	3	3	60.2	193.62.193.165:2,16.15.236.164:1
9.99	4	3	3	60.6	193.62.193.165:2,16.15.236.164:1
10.20	4	3	3	60.2	193.62.193.165:2,16.15.236.164:1
10.41	4	3	3	60.3	193.62.193.165:2,16.15.236.164:1
10.62	4	3	3	61.0	193.62.193.165:2,16.15.236.164:1
10.82	4	3	3	60.2	193.62.193.165:2,16.15.236.164:1
11.03	4	3	3	60.2	193.62.193.165:2,16.15.236.164:1
11.24	4	3	3	60.3	193.62.193.165:2,16.15.236.164:1
11.44	4	3	3	60.2	193.62.193.165:2,16.15.236.164:1
11.65	4	3	3	60.2	193.62.193.165:2,16.15.236.164:1
11.86	4	3	3	60.7	193.62.193.165:2,16.15.236.164:1
12.07	4	3	3	61.0	193.62.193.165:2,16.15.236.164:1
12.28	4	3	3	60.7	193.62.193.165:2,16.15.236.164:1
12.49	4	3	3	60.7	193.62.193.165:2,16.15.236.164:1
12.69	4	3	3	60.8	193.62.193.165:2,16.15.236.164:1
12.90	4	3	3	60.8	193.62.193.165:2,16.15.236.164:1
13.11	4	3	3	60.8	193.62.193.165:2,16.15.236.164:1
13.32	4	3	3	60.8	193.62.193.165:2,16.15.236.164:1
13.52	4	3	3	60.8	193.62.193.165:2,16.15.236.164:1
13.73	4	3	3	60.8	193.62.193.165:2,16.15.236.164:1
13.94	4	3	3	60.9	193.62.193.165:2,16.15.236.164:1
14.14	4	3	3	60.9	193.62.193.165:2,16.15.236.164:1
14.35	4	3	3	60.9	193.62.193.165:2,16.15.236.164:1
14.56	4	3	3	60.9	193.62.193.165:2,16.15.236.164:1
14.77	4	3	3	60.9	193.62.193.165:2,16.15.236.164:1
14.97	4	3	3	61.2	193.62.193.165:2,16.15.236.164:1
15.18	4	3	3	61.2	193.62.193.165:2,16.15.236.164:1
15.39	4	3	3	61.2	193.62.193.165:2,16.15.236.164:1
15.59	4	3	3	60.9	193.62.193.165:2,16.15.236.164:1
15.80	4	3	3	60.9	193.62.193.165:2,16.15.236.164:1
16.01	4	3	3	60.9	193.62.193.165:2,16.15.236.164:1
16.21	4	3	3	60.9	193.62.193.165:2,16.15.236.164:1
16.42	4	3	3	60.9	193.62.193.165:2,16.15.236.164:1
16.63	4	3	3	61.0	193.62.193.165:2,16.15.236.164:1
16.84	4	3	3	61.0	193.62.193.165:2,16.15.236.164:1
17.04	4	3	3	61.0	193.62.193.165:2,16.15.236.164:1
17.25	4	3	3	61.0	193.62.193.165:2,16.15.236.164:1
17.46	4	3	3	61.0	193.62.193.165:2,16.15.236.164:1
17.67	4	3	3	61.0	193.62.193.165:2,16.15.236.164:1
17.88	4	3	3	61.0	193.62.193.165:2,16.15.236.164:1
18.08	4	4	4	61.0	193.62.193.165:2,16.15.236.164:1,16.15.252.230:1
18.29	4	4	4	61.4	193.62.193.165:2,16.15.236.164:1,16.15.252.230:1
18.50	4	4	4	61.6	193.62.193.165:2,16.15.236.164:1,16.15.252.230:1
18.70	4	4	4	61.6	193.62.193.165:2,16.15.236.164:1,16.15.252.230:1
18.91	4	4	4	61.6	193.62.193.165:2,16.15.236.164:1,16.15.252.230:1
19.12	4	4	4	61.6	193.62.193.165:2,16.15.236.164:1,16.15.252.230:1
19.33	4	4	4	61.6	193.62.193.165:2,16.15.236.164:1,16.15.252.230:1
19.54	4	4	4	61.6	193.62.193.165:2,16.15.236.164:1,16.15.252.230:1
19.74	4	4	4	63.0	193.62.193.165:2,16.15.236.164:1,16.15.252.230:1
19.95	4	4	4	61.7	193.62.193.165:2,16.15.236.164:1,16.15.252.230:1
20.16	4	4	4	61.7	193.62.193.165:2,16.15.236.164:1,16.15.252.230:1
20.37	4	4	4	62.9	193.62.193.165:2,16.15.236.164:1,16.15.252.230:1
20.58	4	4	4	61.8	193.62.193.165:2,16.15.236.164:1,16.15.252.230:1
20.79	4	5	5	62.2	193.62.193.165:2,16.15.254.83:1,16.15.236.164:1
20.99	4	5	5	63.1	193.62.193.165:2,16.15.254.83:1,16.15.236.164:1
21.20	4	5	5	62.4	193.62.193.165:2,16.15.254.83:1,16.15.236.164:1
21.41	4	5	5	62.7	193.62.193.165:2,16.15.254.83:1,16.15.236.164:1
21.62	4	5	5	62.6	193.62.193.165:2,16.15.254.83:1,16.15.236.164:1
21.82	4	5	5	62.6	193.62.193.165:2,16.15.254.83:1,16.15.236.164:1
22.03	4	5	5	62.9	193.62.193.165:2,16.15.254.83:1,16.15.236.164:1
22.24	4	5	5	63.0	193.62.193.165:2,16.15.254.83:1,16.15.236.164:1
22.45	4	5	5	62.7	193.62.193.165:2,16.15.254.83:1,16.15.236.164:1
22.66	4	5	5	62.5	193.62.193.165:2,16.15.254.83:1,16.15.252.230:1
22.87	4	5	5	62.8	193.62.193.165:2,16.15.254.83:1,16.15.252.230:1
23.08	4	5	5	63.1	193.62.193.165:2,16.15.254.83:1,16.15.252.230:1
23.28	4	5	5	63.2	193.62.193.165:2,16.15.254.83:1,16.15.252.230:1
23.49	4	5	5	63.2	193.62.193.165:2,16.15.254.83:1,16.15.252.230:1
23.70	4	5	5	63.2	193.62.193.165:2,16.15.254.83:1,16.15.252.230:1
23.91	4	5	5	63.9	193.62.193.165:2,16.15.254.83:1,16.15.252.230:1
24.12	4	4	4	63.1	16.15.236.118:1,16.15.252.230:1,16.15.254.83:1
24.33	4	4	4	63.0	16.15.236.118:1,16.15.252.230:1,16.15.254.83:1
24.53	4	4	4	63.3	16.15.236.118:1,16.15.252.230:1,16.15.254.83:1
24.74	4	4	4	63.0	16.15.236.118:1,16.15.252.230:1,16.15.254.83:1
24.95	4	4	4	63.5	16.15.236.118:1,16.15.252.230:1,16.15.254.83:1
25.16	4	4	4	63.0	16.15.236.118:1,16.15.252.230:1,16.15.254.83:1
25.37	4	4	4	63.0	16.15.236.118:1,16.15.252.230:1,16.15.254.83:1
25.57	4	5	5	63.0	16.15.230.97:1,16.15.254.83:1,16.15.252.230:1
25.78	4	5	5	63.6	16.15.230.97:1,16.15.254.83:1,16.15.252.230:1
25.99	4	5	5	63.9	16.15.230.97:1,16.15.254.83:1,16.15.252.230:1
26.20	4	5	5	64.2	16.15.230.97:1,16.15.254.83:1,16.15.252.230:1
26.41	4	5	5	64.5	16.15.230.97:1,16.15.254.83:1,16.15.252.230:1
26.61	4	5	5	64.2	16.15.230.97:1,16.15.254.83:1,16.15.252.230:1
26.82	4	5	5	65.0	16.15.230.97:1,16.15.254.83:1,16.15.252.230:1
27.03	4	5	5	65.0	16.15.230.97:1,16.15.254.83:1,16.15.252.230:1
27.24	4	5	5	65.0	16.15.230.97:1,16.15.254.83:1,16.15.252.230:1
27.45	4	5	5	65.0	16.15.230.97:1,16.15.254.83:1,16.15.252.230:1
27.66	4	5	5	65.0	16.15.230.97:1,16.15.254.83:1,16.15.252.230:1
27.86	4	5	5	65.0	16.15.230.97:1,16.15.254.83:1,16.15.252.230:1
28.07	4	5	5	65.1	16.15.230.97:1,16.15.254.83:1,16.15.252.230:1
28.28	4	5	5	65.1	16.15.230.97:1,16.15.254.83:1,16.15.252.230:1
28.49	4	5	5	65.1	16.15.230.97:1,16.15.254.83:1,16.15.252.230:1
28.70	4	5	5	65.1	16.15.230.97:1,16.15.254.83:1,16.15.252.230:1
28.91	4	5	5	65.1	16.15.230.97:1,16.15.254.83:1,16.15.252.230:1
29.12	4	5	5	65.1	16.15.230.97:1,16.15.254.83:1,16.15.252.230:1
29.32	4	5	5	65.3	16.15.230.97:1,16.15.254.83:1,16.15.252.230:1
29.53	4	5	5	65.1	16.15.230.97:1,16.15.254.83:1,16.15.252.230:1
29.74	4	5	5	65.1	16.15.230.97:1,16.15.254.83:1,16.15.252.230:1
29.95	4	5	5	65.1	16.15.230.97:1,16.15.254.83:1,16.15.252.230:1
30.16	4	5	5	65.1	16.15.230.97:1,16.15.254.83:1,16.15.252.230:1
30.37	4	5	5	65.1	16.15.230.97:1,16.15.254.83:1,16.15.252.230:1
30.57	4	5	5	65.3	16.15.230.97:1,16.15.254.83:1,16.15.252.230:1
30.78	4	5	5	65.1	16.15.230.97:1,16.15.254.83:1,16.15.252.230:1
30.99	4	5	5	65.1	16.15.230.97:1,16.15.254.83:1,16.15.252.230:1
31.20	4	5	5	65.1	16.15.230.97:1,16.15.254.83:1,16.15.252.230:1
31.41	4	5	5	65.1	16.15.230.97:1,16.15.254.83:1,16.15.252.230:1
31.61	4	5	5	65.1	16.15.230.97:1,16.15.254.83:1,16.15.252.230:1
31.82	4	5	5	65.1	16.15.230.97:1,16.15.254.83:1,16.15.252.230:1
32.03	4	5	5	65.3	16.15.230.97:1,16.15.254.83:1,16.15.252.230:1
32.24	4	4	4	64.8	16.15.236.118:1,16.15.252.230:1,16.15.230.97:1
32.45	4	4	4	65.1	16.15.236.118:1,16.15.252.230:1,16.15.230.97:1
32.66	4	3	3	65.1	16.15.252.230:1,16.15.230.97:1,16.15.254.83:1
32.86	4	3	3	65.1	16.15.252.230:1,16.15.230.97:1,16.15.254.83:1
33.07	4	3	3	65.1	16.15.252.230:1,16.15.230.97:1,16.15.254.83:1
33.28	4	3	3	65.1	16.15.252.230:1,16.15.230.97:1,16.15.254.83:1
33.49	4	3	3	65.1	16.15.252.230:1,16.15.230.97:1,16.15.254.83:1
33.70	4	3	3	65.1	16.15.252.230:1,16.15.230.97:1,16.15.254.83:1
33.90	4	3	3	65.1	16.15.252.230:1,16.15.230.97:1,16.15.254.83:1
34.11	4	3	3	65.1	16.15.252.230:1,16.15.230.97:1,16.15.254.83:1
34.32	4	3	3	65.1	16.15.252.230:1,16.15.230.97:1,16.15.254.83:1
34.53	4	3	3	65.1	16.15.252.230:1,16.15.230.97:1,16.15.254.83:1
34.74	4	0	0	66.6	-
34.94	4	0	0	66.6	-
35.14	5	0	0	70.4	-
35.35	5	1	1	70.4	169.254.169.254:1
35.56	5	1	1	70.4	169.254.169.254:1
35.77	5	1	1	70.4	169.254.169.254:1
35.98	8	0	0	83.0	-
36.19	4	1	1	64.8	16.15.247.152:1
36.39	5	0	0	69.5	-
36.60	5	1	1	70.3	169.254.169.254:1
36.81	5	1	1	70.3	169.254.169.254:1
37.01	5	1	1	70.3	169.254.169.254:1
37.22	5	1	1	70.3	169.254.169.254:1
37.43	5	1	1	70.3	169.254.169.254:1
37.64	5	1	1	70.3	130.14.29.113:1
37.84	8	1	1	83.8	54.231.196.137:1
38.05	4	1	1	64.8	54.231.196.137:1
38.26	5	1	1	70.3	169.254.169.254:1
38.47	5	1	1	70.3	169.254.169.254:1
38.68	5	1	1	70.3	169.254.169.254:1
38.89	5	1	1	70.3	130.14.29.113:1
39.10	4	0	0	64.8	-
39.31	5	0	0	70.9	-
39.51	5	1	1	70.9	169.254.169.254:1
39.72	5	1	1	70.9	169.254.169.254:1
39.93	6	0	0	181.7	-
40.13	6	0	0	486.9	-
40.34	6	0	0	692.3	-
40.54	6	0	0	870.7	-
40.75	6	0	0	1086.6	-
40.95	6	0	0	1143.6	-
41.16	6	0	0	1143.6	-
41.36	6	0	0	1144.4	-
41.57	6	0	0	1144.4	-
41.77	6	0	0	1144.4	-
41.98	6	0	0	1144.4	-
42.18	6	0	0	1144.4	-
42.39	6	0	0	820.3	-
42.59	6	0	0	796.4	-
42.79	6	0	0	797.7	-
43.00	6	0	0	797.8	-
43.20	6	0	0	797.0	-
43.40	6	0	0	70.9	-
43.61	5	0	0	71.4	-
43.81	5	0	0	71.4	-
44.01	5	0	0	71.4	-
44.22	5	0	0	71.4	-
44.42	5	0	0	71.4	-
44.62	5	0	0	71.4	-
44.83	5	0	0	71.4	-
45.03	5	0	0	71.4	-
45.23	5	0	0	71.4	-
45.44	5	0	0	71.4	-
45.64	5	0	0	71.4	-
45.84	5	0	0	71.4	-
46.05	5	0	0	71.4	-
46.25	5	0	0	71.4	-
46.45	5	0	0	71.4	-
46.66	5	0	0	71.6	-
46.86	5	0	0	71.5	-
47.06	5	0	0	71.5	-
47.27	5	0	0	71.5	-
47.47	5	0	0	71.5	-
47.67	5	0	0	71.5	-
47.88	5	0	0	71.5	-
48.08	5	0	0	71.5	-
48.28	5	0	0	71.5	-
48.49	5	0	0	71.5	-
48.69	5	0	0	71.5	-
48.89	5	0	0	71.5	-
49.10	5	0	0	71.5	-
49.30	5	0	0	71.5	-
49.50	5	0	0	71.5	-
49.71	5	0	0	71.5	-
49.91	5	0	0	71.7	-
50.11	5	0	0	70.4	-
50.32	5	1	1	70.4	169.254.169.254:1
50.53	5	1	1	70.4	130.14.29.113:1
50.74	8	1	1	83.8	54.231.198.225:1
50.94	4	1	1	64.8	16.15.223.219:1
51.15	5	0	0	70.3	-
51.36	5	1	1	70.3	169.254.169.254:1
51.57	8	0	0	83.0	-
51.77	4	0	0	64.8	-
51.98	5	0	0	70.4	-
52.19	5	1	1	70.4	169.254.169.254:1
52.40	5	1	1	70.4	169.254.169.254:1
52.61	8	0	0	83.0	-
52.81	4	1	1	64.8	16.15.223.219:1
53.02	5	1	1	70.7	169.254.169.254:1
53.23	5	1	1	70.7	169.254.169.254:1
53.44	6	0	0	218.2	-
53.64	6	0	0	502.5	-
53.85	6	0	0	694.4	-
54.05	6	0	0	864.4	-
54.25	6	0	0	1017.9	-
54.46	6	0	0	1145.3	-
54.66	6	0	0	1147.2	-
54.87	6	0	0	1147.2	-
55.07	6	0	0	1147.2	-
55.28	6	0	0	1147.7	-
55.48	6	0	0	1148.0	-
55.69	6	0	0	1148.0	-
55.89	6	0	0	1148.5	-
56.10	6	0	0	1148.8	-
56.30	6	0	0	1149.3	-
56.51	6	0	0	1149.3	-
56.71	6	0	0	1149.3	-
56.91	6	0	0	1149.3	-
57.12	6	0	0	1149.3	-
57.32	6	0	0	1149.3	-
57.53	6	0	0	1149.3	-
57.73	6	0	0	1138.9	-
57.94	6	0	0	1128.4	-
58.14	6	0	0	1097.2	-
58.35	6	0	0	1065.5	-
58.55	6	0	0	1070.8	-
58.75	6	0	0	1071.7	-
58.96	6	0	0	1071.7	-
59.16	6	0	0	1071.7	-
59.36	6	0	0	1071.7	-
59.57	6	0	0	1071.7	-
59.77	6	0	0	1071.7	-
59.98	6	0	0	1071.7	-
60.18	6	0	0	1066.2	-
60.38	5	0	0	71.5	-
60.59	5	0	0	71.5	-
60.79	5	0	0	71.5	-
60.99	5	0	0	71.5	-
61.20	5	0	0	71.5	-
61.40	5	0	0	71.5	-
61.60	5	0	0	71.5	-
61.80	5	0	0	71.5	-
62.01	5	0	0	71.5	-
62.21	5	0	0	71.5	-
62.41	5	0	0	71.5	-
62.62	5	0	0	71.5	-
62.82	5	0	0	71.5	-
63.02	5	0	0	71.5	-
63.23	5	0	0	71.5	-
63.43	5	0	0	71.5	-
63.63	5	0	0	71.5	-
63.84	5	0	0	71.5	-
64.04	5	0	0	71.5	-
64.24	5	0	0	71.5	-
64.45	5	0	0	71.5	-
64.65	5	0	0	71.5	-
64.85	5	0	0	71.5	-
65.06	5	0	0	71.5	-
65.26	5	0	0	71.5	-
65.46	5	0	0	71.5	-
65.67	5	0	0	71.5	-
65.87	5	0	0	71.5	-
66.07	5	0	0	71.5	-
66.28	5	0	0	71.5	-
66.48	5	0	0	71.5	-
66.68	5	0	0	71.5	-
66.89	5	0	0	71.5	-
67.09	5	0	0	71.5	-
67.29	5	0	0	71.5	-
67.50	5	0	0	71.5	-
67.70	5	0	0	71.5	-
67.90	5	0	0	71.5	-
68.11	5	0	0	71.5	-
68.31	5	0	0	71.5	-
68.51	5	0	0	71.6	-
68.72	5	0	0	71.4	-
68.92	5	0	0	71.4	-
69.12	5	0	0	71.4	-
69.33	5	0	0	71.4	-
69.53	5	0	0	71.4	-
69.73	5	0	0	71.4	-
69.93	5	0	0	71.4	-
70.14	5	0	0	71.4	-
70.34	5	0	0	71.4	-
70.54	5	0	0	71.4	-
70.75	5	0	0	71.4	-
70.95	5	0	0	71.4	-
71.15	5	0	0	71.4	-
71.36	5	0	0	71.4	-
71.56	5	0	0	71.4	-
71.76	5	0	0	71.4	-
71.97	5	0	0	71.4	-
72.17	5	0	0	71.4	-
72.37	5	0	0	71.4	-
72.58	5	0	0	71.4	-
72.78	5	0	0	71.4	-
72.98	5	0	0	71.4	-
73.19	5	0	0	71.4	-
73.39	5	0	0	71.4	-
73.59	5	0	0	71.4	-
73.80	5	0	0	71.4	-
74.00	5	0	0	71.4	-
74.20	5	0	0	71.4	-
74.41	5	0	0	71.4	-
74.61	5	0	0	71.4	-
74.81	5	0	0	71.4	-
75.02	5	0	0	71.4	-
75.22	5	0	0	71.4	-
75.42	5	0	0	71.4	-
75.63	5	0	0	71.4	-
75.83	5	0	0	71.4	-
76.03	5	0	0	71.4	-
76.24	5	0	0	71.4	-
76.44	5	0	0	71.6	-
76.64	5	0	0	70.4	-
76.85	5	1	1	70.4	169.254.169.254:1
77.05	5	1	1	70.4	130.14.29.113:1
77.26	8	1	1	84.1	16.15.214.28:1
77.47	4	1	1	64.8	16.15.236.148:1
77.68	5	1	1	70.3	169.254.169.254:1
77.89	5	1	1	70.3	169.254.169.254:1
78.10	5	1	1	70.3	169.254.169.254:1
78.31	5	1	1	70.3	169.254.169.254:1
78.52	5	1	1	70.3	130.14.29.113:1
78.72	8	0	0	68.1	-
78.93	5	0	0	70.4	-
79.14	5	1	1	70.4	169.254.169.254:1
79.35	5	1	1	70.4	169.254.169.254:1
79.56	5	1	1	70.4	169.254.169.254:1
79.76	5	1	1	70.4	169.254.169.254:1
79.97	8	0	0	83.2	-
80.18	4	1	1	64.8	16.15.191.74:1
80.39	5	1	1	70.8	169.254.169.254:1
80.59	5	1	1	70.8	169.254.169.254:1
80.80	5	1	1	70.8	169.254.169.254:1
81.01	5	1	1	70.8	169.254.169.254:1
81.22	6	0	0	112.7	-
81.42	6	0	0	402.9	-
81.63	6	0	0	638.9	-
81.83	6	0	0	794.4	-
82.04	6	0	0	937.0	-
82.24	6	0	0	1115.0	-
82.45	6	0	0	1153.7	-
82.65	6	0	0	1153.7	-
82.86	6	0	0	1153.7	-
83.06	6	0	0	1153.7	-
83.27	6	0	0	1153.7	-
83.47	6	0	0	1153.7	-
83.68	6	0	0	1153.7	-
83.88	6	0	0	1153.7	-
84.08	6	0	0	1154.3	-
84.29	6	0	0	1154.3	-
84.49	6	0	0	1154.3	-
84.70	6	0	0	1154.3	-
84.90	6	0	0	1121.7	-
85.11	6	0	0	1089.0	-
85.31	6	0	0	1089.1	-
85.52	6	0	0	893.9	-
85.72	6	0	0	900.4	-
85.92	6	0	0	900.4	-
86.13	6	0	0	900.4	-
86.33	6	0	0	900.4	-
86.53	6	0	0	900.4	-
86.74	6	0	0	900.5	-
86.94	6	0	0	70.8	-
87.14	5	0	0	71.4	-
87.35	5	0	0	71.4	-
87.55	5	0	0	71.4	-
87.75	5	0	0	71.4	-
87.96	5	0	0	71.4	-
88.16	5	0	0	71.4	-
88.36	5	0	0	71.4	-
88.57	5	0	0	71.4	-
88.77	5	0	0	71.4	-
88.97	5	0	0	71.4	-
89.18	5	0	0	71.4	-
89.38	5	0	0	71.4	-
89.58	5	0	0	71.4	-
89.79	5	0	0	71.4	-
89.99	5	0	0	71.4	-
90.19	5	0	0	71.4	-
90.40	5	0	0	71.4	-
90.60	5	0	0	71.4	-
90.80	5	0	0	71.4	-
91.01	5	0	0	71.4	-
91.21	5	0	0	71.4	-
91.41	5	0	0	71.4	-
91.62	5	0	0	71.4	-
91.82	5	0	0	71.4	-
92.02	5	0	0	71.4	-
92.23	5	0	0	71.4	-
92.43	5	0	0	71.4	-
92.63	5	0	0	71.4	-
92.84	5	0	0	71.4	-
93.04	5	0	0	71.4	-
93.24	5	0	0	71.4	-
93.45	5	0	0	71.4	-
93.65	5	0	0	71.4	-
93.85	5	0	0	71.4	-
94.05	5	0	0	71.4	-
94.26	5	0	0	71.4	-
94.46	5	0	0	71.4	-
94.66	5	0	0	71.4	-
94.87	5	0	0	71.4	-
95.07	5	0	0	71.4	-
95.27	5	0	0	71.4	-
95.48	5	0	0	71.4	-
95.68	5	0	0	71.4	-
95.88	5	0	0	71.4	-
96.09	5	0	0	71.4	-
96.29	5	0	0	71.4	-
96.49	5	0	0	71.4	-
96.70	5	0	0	71.4	-
96.90	5	0	0	71.4	-
97.10	5	0	0	71.4	-
97.31	5	0	0	71.4	-
97.51	5	0	0	71.4	-
97.71	5	0	0	71.4	-
97.92	5	0	0	71.4	-
98.12	5	0	0	71.4	-
98.32	5	0	0	71.4	-
98.53	5	0	0	71.4	-
98.73	5	0	0	71.4	-
98.93	5	0	0	71.4	-
99.14	5	0	0	71.4	-
99.34	5	0	0	71.4	-
99.54	5	0	0	71.4	-
99.75	5	0	0	71.4	-
99.95	5	0	0	71.4	-
100.15	5	0	0	71.4	-
100.36	5	0	0	71.4	-
100.56	5	0	0	71.4	-
100.76	5	0	0	71.4	-
100.97	5	0	0	71.4	-
101.17	5	0	0	71.4	-
101.37	5	0	0	71.4	-
101.58	5	0	0	71.4	-
101.78	5	0	0	71.4	-
101.98	5	0	0	71.4	-
102.18	5	0	0	71.4	-
102.39	5	0	0	71.4	-
102.59	5	0	0	71.4	-
102.79	5	0	0	71.4	-
103.00	5	0	0	71.4	-
103.20	5	0	0	71.4	-
103.40	5	0	0	71.4	-
103.61	5	0	0	71.4	-
103.81	5	0	0	71.4	-
104.01	5	0	0	71.4	-
104.22	5	0	0	71.4	-
104.42	5	0	0	71.4	-
104.62	5	0	0	71.4	-
104.83	5	0	0	71.4	-
105.03	5	0	0	71.4	-
105.23	5	0	0	71.4	-
105.44	5	0	0	71.4	-
105.64	5	0	0	71.4	-
105.84	5	0	0	71.6	-
106.05	5	0	0	71.4	-
106.25	5	0	0	71.4	-
106.45	5	0	0	71.4	-
106.66	5	0	0	71.4	-
106.86	5	0	0	71.4	-
107.06	5	0	0	71.4	-
107.27	5	0	0	71.4	-
107.47	5	0	0	71.4	-
107.67	5	0	0	71.4	-
107.88	5	0	0	71.4	-
108.08	5	0	0	71.4	-
108.28	5	0	0	71.4	-
108.49	5	0	0	71.4	-
108.69	5	0	0	71.4	-
108.89	5	0	0	71.4	-
109.10	5	0	0	71.4	-
109.30	5	0	0	71.4	-
109.50	5	0	0	71.4	-
109.70	5	0	0	71.4	-
109.91	5	0	0	71.4	-
110.11	5	0	0	71.4	-
110.31	5	0	0	71.4	-
110.52	5	0	0	71.4	-
110.72	5	0	0	71.4	-
110.92	5	0	0	71.4	-
111.13	5	0	0	71.4	-
111.33	5	0	0	71.4	-
111.53	5	0	0	71.4	-
111.74	5	0	0	71.4	-
111.94	5	0	0	71.4	-
112.14	5	0	0	71.4	-
112.35	5	0	0	71.4	-
112.55	5	0	0	71.4	-
112.75	5	0	0	71.4	-
112.96	5	0	0	71.4	-
113.16	5	0	0	71.4	-
113.36	5	0	0	71.4	-
113.57	5	0	0	71.4	-
113.77	5	0	0	71.4	-
113.97	5	0	0	71.4	-
114.18	5	0	0	71.4	-
114.38	5	0	0	71.4	-
114.58	5	0	0	71.4	-
114.79	5	0	0	71.4	-
114.99	5	0	0	71.4	-
115.19	5	0	0	71.4	-
115.40	5	0	0	71.4	-
115.60	5	0	0	71.4	-
115.80	5	0	0	71.4	-
116.00	5	0	0	71.4	-
116.21	5	0	0	71.4	-
116.41	5	0	0	71.4	-
116.61	5	0	0	71.4	-
116.82	5	0	0	71.4	-
117.02	5	0	0	71.4	-
117.22	5	0	0	71.4	-
117.43	5	0	0	71.4	-
117.63	5	0	0	71.4	-
117.83	5	0	0	71.4	-
118.04	5	0	0	71.4	-
118.24	5	0	0	71.4	-
118.44	5	0	0	71.4	-
118.65	5	0	0	71.4	-
118.85	5	0	0	71.4	-
119.05	5	0	0	71.4	-
119.26	5	0	0	71.4	-
119.46	5	0	0	71.4	-
119.66	5	0	0	71.4	-
119.87	5	0	0	71.4	-
120.07	5	0	0	71.4	-
120.27	5	0	0	71.4	-
120.48	5	0	0	71.4	-
120.68	5	0	0	71.4	-
120.88	5	0	0	71.4	-
121.09	5	0	0	71.4	-
121.29	5	0	0	71.4	-
121.49	5	0	0	71.4	-
121.70	5	0	0	71.4	-
121.90	5	0	0	71.4	-
122.10	5	0	0	71.4	-
122.30	5	0	0	71.4	-
122.51	5	0	0	71.4	-
122.71	5	0	0	71.4	-
122.91	5	0	0	71.4	-
123.12	5	0	0	71.4	-
123.32	5	0	0	71.4	-
123.52	5	0	0	71.4	-
123.73	5	0	0	71.4	-
123.93	5	0	0	71.4	-
124.13	5	0	0	71.4	-
124.34	5	0	0	71.6	-
124.54	5	1	1	70.3	169.254.169.254:1
124.75	5	1	1	70.3	169.254.169.254:1
124.96	8	0	0	83.2	-
125.16	4	0	0	64.8	-
125.37	5	0	0	70.4	-
125.58	5	1	1	70.4	169.254.169.254:1
125.79	5	1	1	70.4	169.254.169.254:1
125.99	5	1	1	70.4	169.254.169.254:1
126.20	5	1	1	70.4	169.254.169.254:1
126.41	5	0	0	70.4	-
126.61	8	1	1	84.1	52.216.8.83:1
126.82	4	1	1	64.8	52.217.227.145:1
127.03	5	1	1	70.3	169.254.169.254:1
127.24	5	1	1	70.3	169.254.169.254:1
127.44	5	1	1	70.3	169.254.169.254:1
127.65	5	1	1	70.3	169.254.169.254:1
127.86	5	1	1	70.3	130.14.29.113:1
128.07	8	1	1	84.0	54.231.137.49:1
128.27	5	0	0	70.9	-
128.48	5	1	1	70.9	169.254.169.254:1
128.69	5	1	1	70.9	169.254.169.254:1
128.90	5	1	1	70.9	169.254.169.254:1
129.10	5	1	1	70.9	169.254.169.254:1
129.31	5	1	1	70.9	169.254.169.254:1
129.52	5	1	1	70.9	169.254.169.254:1
129.73	6	0	0	109.4	-
129.93	6	0	0	384.2	-
130.13	6	0	0	653.4	-
130.34	6	0	0	830.8	-
130.54	6	0	0	996.6	-
130.75	6	0	0	1154.1	-
130.95	6	0	0	1154.3	-
131.16	6	0	0	1154.3	-
131.36	6	0	0	1154.3	-
131.57	6	0	0	1154.3	-
131.77	6	0	0	1154.6	-
131.98	6	0	0	1154.6	-
132.18	6	0	0	1154.6	-
132.39	6	0	0	1154.6	-
132.59	6	0	0	1154.6	-
132.79	6	0	0	1154.6	-
133.00	6	0	0	1154.6	-
133.20	6	0	0	1061.7	-
133.41	6	0	0	925.2	-
133.61	6	0	0	925.2	-
133.82	6	0	0	841.0	-
134.02	6	0	0	847.5	-
134.22	6	0	0	847.0	-
134.43	6	0	0	847.5	-
134.63	6	0	0	847.0	-
134.83	6	0	0	841.9	-
135.04	6	0	0	801.4	-
135.24	5	0	0	71.4	-
135.44	5	0	0	71.4	-
135.65	5	0	0	71.4	-
135.85	5	0	0	71.4	-
136.05	5	0	0	71.4	-
136.26	5	0	0	71.4	-
136.46	5	0	0	71.4	-
136.66	5	0	0	71.4	-
136.87	5	0	0	71.4	-
137.07	5	0	0	71.4	-
137.27	5	0	0	71.4	-
137.47	5	0	0	71.4	-
137.68	5	0	0	71.4	-
137.88	5	0	0	71.4	-
138.08	5	0	0	71.4	-
138.29	5	0	0	71.4	-
138.49	5	0	0	71.4	-
138.69	5	0	0	71.4	-
138.90	5	0	0	71.4	-
139.10	5	0	0	71.4	-
139.30	5	0	0	71.4	-
139.51	5	0	0	71.4	-
139.71	5	0	0	71.4	-
139.91	5	0	0	71.4	-
140.12	5	0	0	71.4	-
140.32	5	0	0	71.4	-
140.52	5	0	0	71.4	-
140.73	5	0	0	71.4	-
140.93	5	0	0	71.4	-
141.13	5	0	0	71.4	-
141.34	5	0	0	71.4	-
141.54	5	0	0	71.4	-
141.74	5	0	0	71.4	-
141.94	5	0	0	71.4	-
142.15	5	0	0	71.4	-
142.35	5	0	0	71.4	-
142.55	5	0	0	71.4	-
142.76	5	0	0	71.4	-
142.96	5	0	0	71.4	-
143.16	5	0	0	71.4	-
143.37	5	0	0	71.4	-
143.57	5	0	0	71.4	-
143.77	5	0	0	71.4	-
143.98	5	0	0	71.4	-
144.18	5	0	0	71.4	-
144.38	5	0	0	71.4	-
144.59	5	0	0	71.4	-
144.79	5	0	0	71.4	-
144.99	5	0	0	71.4	-
145.20	5	0	0	71.4	-
145.40	5	0	0	71.4	-
145.60	5	0	0	71.4	-
145.81	5	0	0	71.4	-
146.01	5	0	0	71.4	-
146.21	5	0	0	71.4	-
146.41	5	0	0	71.4	-
146.62	5	0	0	71.4	-
146.82	5	0	0	71.4	-
147.02	5	0	0	71.4	-
147.23	5	0	0	71.4	-
147.43	5	0	0	71.4	-
147.63	5	0	0	71.4	-
147.84	5	0	0	71.4	-
148.04	5	0	0	71.4	-
148.24	5	0	0	71.4	-
148.45	5	0	0	71.4	-
148.65	5	0	0	71.4	-
148.85	5	0	0	71.4	-
149.06	5	0	0	71.4	-
149.26	5	0	0	71.4	-
149.46	5	0	0	71.4	-
149.67	5	0	0	71.4	-
149.87	5	0	0	71.4	-
150.07	5	0	0	71.4	-
150.28	5	0	0	71.4	-
150.48	5	0	0	71.6	-
150.68	5	0	0	71.5	-
150.89	5	0	0	71.5	-
151.09	5	0	0	71.5	-
151.29	5	0	0	71.5	-
151.50	5	0	0	71.5	-
151.70	5	0	0	71.5	-
151.91	5	0	0	71.5	-
152.11	5	0	0	71.5	-
152.32	5	0	0	71.5	-
152.52	5	0	0	71.5	-
152.73	5	0	0	71.5	-
152.93	5	0	0	71.5	-
153.14	5	0	0	71.5	-
153.34	5	0	0	71.5	-
153.55	5	0	0	71.5	-
153.75	5	0	0	71.5	-
153.95	5	0	0	71.5	-
154.16	5	0	0	71.5	-
154.36	5	0	0	71.5	-
154.57	5	0	0	71.5	-
154.77	5	0	0	71.5	-
154.98	5	0	0	71.5	-
155.18	5	0	0	71.5	-
155.39	5	0	0	71.5	-
155.59	5	0	0	71.5	-
155.80	5	0	0	71.5	-
156.00	5	0	0	71.5	-
156.20	5	0	0	71.5	-
156.41	5	0	0	71.5	-
156.61	5	0	0	71.5	-
156.81	5	0	0	71.5	-
157.02	5	0	0	71.5	-
157.22	5	0	0	71.5	-
157.42	5	0	0	71.5	-
157.63	5	0	0	71.5	-
157.83	5	0	0	71.5	-
158.03	5	0	0	71.5	-
158.24	5	0	0	71.5	-
158.44	5	0	0	71.5	-
158.64	5	0	0	71.5	-
158.85	5	0	0	71.5	-
159.05	5	0	0	71.5	-
159.25	5	0	0	71.5	-
159.46	5	0	0	71.5	-
159.66	5	0	0	71.5	-
159.86	5	0	0	71.5	-
160.07	5	0	0	71.5	-
160.27	5	0	0	71.5	-
160.47	5	0	0	71.5	-
160.68	5	0	0	71.5	-
160.88	5	0	0	71.5	-
161.08	5	0	0	71.5	-
161.29	5	0	0	71.5	-
161.49	5	0	0	71.5	-
161.69	5	0	0	71.5	-
161.90	5	0	0	71.5	-
162.10	5	0	0	71.5	-
162.30	5	0	0	71.5	-
162.51	5	0	0	71.5	-
162.71	5	0	0	71.5	-
162.91	5	0	0	71.5	-
163.12	5	0	0	71.5	-
163.32	5	0	0	71.5	-
163.52	5	0	0	71.5	-
163.73	5	0	0	71.5	-
163.93	5	0	0	71.5	-
164.13	5	0	0	71.5	-
164.34	5	0	0	71.5	-
164.54	5	0	0	71.5	-
164.74	5	0	0	71.5	-
164.95	5	0	0	71.5	-
165.15	5	0	0	71.5	-
165.35	5	0	0	71.5	-
165.56	5	0	0	71.5	-
165.76	5	0	0	71.7	-
165.96	5	0	0	70.3	-
166.17	5	1	1	70.3	169.254.169.254:1
166.38	5	1	1	70.3	130.14.29.113:1
166.59	8	1	1	84.0	16.15.238.104:1
166.80	4	1	1	64.8	16.15.228.127:1
167.00	5	1	1	70.4	169.254.169.254:1
167.21	5	1	1	70.4	169.254.169.254:1
167.41	5	1	1	70.4	169.254.169.254:1
167.62	5	1	1	70.4	169.254.169.254:1
167.83	5	1	1	70.4	130.14.29.113:1
168.03	8	1	1	84.2	52.217.69.92:1
168.24	4	1	1	64.8	54.231.200.217:1
168.45	5	1	1	70.4	169.254.169.254:1
168.65	5	1	1	70.4	169.254.169.254:1
168.86	5	1	1	70.4	169.254.169.254:1
169.07	5	1	1	70.4	130.14.29.113:1
169.28	8	1	1	84.0	16.15.244.68:1
169.48	5	0	0	70.9	-
169.69	5	1	1	70.9	169.254.169.254:1
169.90	6	0	0	248.1	-
170.10	6	0	0	551.9	-
170.31	6	0	0	724.4	-
170.52	6	0	0	883.9	-
170.72	6	0	0	1080.7	-
170.93	6	0	0	1152.4	-
171.13	6	0	0	1152.4	-
171.34	6	0	0	1152.4	-
171.54	6	0	0	1152.4	-
171.75	6	0	0	1152.4	-
171.95	6	0	0	1152.4	-
172.16	6	0	0	1152.4	-
172.36	6	0	0	1152.7	-
172.57	6	0	0	1152.7	-
172.77	6	0	0	1071.6	-
172.98	6	0	0	767.6	-
173.18	6	0	0	773.2	-
173.39	6	0	0	774.0	-
173.59	6	0	0	774.0	-
173.79	6	0	0	774.0	-
174.00	6	0	0	769.4	-
174.20	5	0	0	71.5	-
174.40	5	0	0	71.5	-
174.61	5	0	0	71.5	-
174.81	5	0	0	71.5	-
175.01	5	0	0	71.5	-
175.22	5	0	0	71.5	-
175.42	5	0	0	71.5	-
175.62	5	0	0	71.5	-
175.83	5	0	0	71.5	-
176.03	5	0	0	71.5	-
176.23	5	0	0	71.5	-
176.44	5	0	0	71.5	-
176.64	5	0	0	71.5	-
176.84	5	0	0	71.5	-
177.05	5	0	0	71.5	-
177.25	5	0	0	71.5	-
177.45	5	0	0	71.5	-
177.65	5	0	0	71.5	-
177.86	5	0	0	71.5	-
178.06	5	0	0	71.5	-
178.26	5	0	0	71.5	-
178.47	5	0	0	71.5	-
178.67	5	0	0	71.5	-
178.87	5	0	0	71.5	-
179.08	5	0	0	71.5	-
179.28	5	0	0	71.5	-
179.48	5	0	0	71.5	-
179.69	5	0	0	71.5	-
179.89	5	0	0	71.5	-
180.09	5	0	0	71.5	-
180.30	5	0	0	71.5	-
180.50	5	0	0	71.5	-
180.70	5	0	0	71.5	-
180.91	5	0	0	71.5	-
181.11	5	0	0	71.5	-
181.31	5	0	0	71.5	-
181.52	5	0	0	71.5	-
181.72	5	0	0	71.5	-
181.92	5	0	0	71.5	-
182.13	5	0	0	71.5	-
182.33	5	0	0	71.5	-
182.53	5	0	0	71.5	-
182.74	5	0	0	71.5	-
182.94	5	0	0	71.5	-
183.14	5	0	0	71.5	-
183.35	5	0	0	71.5	-
183.55	5	0	0	71.5	-
183.75	5	0	0	71.5	-
183.95	5	0	0	71.5	-
184.16	5	0	0	71.5	-
184.36	5	0	0	71.5	-
184.56	5	0	0	71.5	-
184.77	5	0	0	71.5	-
184.97	5	0	0	71.5	-
185.17	5	0	0	71.5	-
185.38	5	0	0	71.5	-
185.58	5	0	0	71.7	-
185.78	5	0	0	71.4	-
185.99	5	0	0	71.4	-
186.19	5	0	0	71.4	-
186.39	5	0	0	71.4	-
186.60	5	0	0	71.4	-
186.80	5	0	0	71.4	-
187.00	5	0	0	71.4	-
187.21	5	0	0	71.4	-
187.41	5	0	0	71.4	-
187.61	5	0	0	71.4	-
187.82	5	0	0	71.4	-
188.02	5	0	0	71.4	-
188.22	5	0	0	71.4	-
188.43	5	0	0	71.4	-
188.63	5	0	0	71.4	-
188.83	5	0	0	71.4	-
189.04	5	0	0	71.4	-
189.24	5	0	0	71.4	-
189.44	5	0	0	71.4	-
189.65	5	0	0	71.4	-
189.85	5	0	0	71.4	-
190.05	5	0	0	71.4	-
190.25	5	0	0	71.4	-
190.46	5	0	0	71.4	-
190.66	5	0	0	71.4	-
190.86	5	0	0	71.4	-
191.07	5	0	0	71.4	-
191.27	5	0	0	71.4	-
191.47	5	0	0	71.4	-
191.68	5	0	0	71.4	-
191.88	5	0	0	71.4	-
192.08	5	0	0	71.4	-
192.29	5	0	0	71.4	-
192.49	5	0	0	71.4	-
192.69	5	0	0	71.4	-
192.90	5	0	0	71.4	-
193.10	5	0	0	71.4	-
193.30	5	0	0	71.4	-
193.51	5	0	0	71.4	-
193.71	5	0	0	71.4	-
193.91	5	0	0	71.4	-
194.12	5	0	0	71.4	-
194.32	5	0	0	71.4	-
194.52	5	0	0	71.4	-
194.73	5	0	0	71.4	-
194.93	5	0	0	71.4	-
195.13	5	0	0	71.4	-
195.34	5	0	0	71.4	-
195.54	5	0	0	71.4	-
195.74	5	0	0	71.4	-
195.95	5	0	0	71.4	-
196.15	5	0	0	71.4	-
196.35	5	0	0	71.4	-
196.56	5	0	0	71.4	-
196.76	5	0	0	71.4	-
196.96	5	0	0	71.4	-
197.17	5	0	0	70.1	-
197.37	5	1	1	70.4	169.254.169.254:1
197.58	5	0	0	70.4	-
197.79	8	0	0	83.0	-
198.00	4	1	1	64.8	16.15.212.29:1
198.20	5	0	0	70.3	-
198.41	5	1	1	70.3	169.254.169.254:1
198.62	5	1	1	70.3	130.14.29.113:1
198.83	8	1	1	84.0	16.15.252.62:1
199.03	5	0	0	70.4	-
199.24	5	1	1	70.4	169.254.169.254:1
199.45	5	1	1	70.4	130.14.29.113:1
199.65	8	1	1	83.8	16.15.254.240:1
199.86	5	0	0	70.8	-
200.07	5	1	1	70.8	169.254.169.254:1
200.28	6	0	0	251.7	-
200.48	6	0	0	543.6	-
200.69	6	0	0	710.9	-
200.90	6	0	0	869.5	-
201.10	6	0	0	1010.7	-
201.31	6	0	0	1143.6	-
201.51	6	0	0	1143.6	-
201.72	6	0	0	1143.6	-
201.92	6	0	0	1143.6	-
202.13	6	0	0	1143.6	-
202.33	6	0	0	1143.9	-
202.54	6	0	0	1094.1	-
202.74	6	0	0	986.9	-
202.95	6	0	0	771.7	-
203.15	6	0	0	772.5	-
203.35	6	0	0	772.6	-
203.56	6	0	0	772.8	-
203.76	5	0	0	71.5	-
203.96	5	0	0	71.5	-
204.17	5	0	0	71.5	-
204.37	5	0	0	71.5	-
204.57	5	0	0	71.5	-
204.78	5	0	0	71.5	-
204.98	5	0	0	71.5	-
205.18	5	0	0	71.5	-
205.39	5	0	0	71.5	-
205.59	5	0	0	71.5	-
205.79	5	0	0	71.5	-
205.99	5	0	0	71.5	-
206.20	5	0	0	71.5	-
206.40	5	0	0	71.5	-
206.60	5	0	0	71.5	-
206.81	5	0	0	71.6	-
207.01	5	0	0	71.6	-
207.21	5	0	0	71.6	-
207.42	5	0	0	71.6	-
207.62	5	0	0	71.6	-
207.82	5	0	0	71.6	-
208.03	5	0	0	71.6	-
208.23	5	0	0	71.6	-
208.43	5	0	0	71.6	-
208.64	5	0	0	71.6	-
208.84	5	0	0	71.6	-
209.04	5	0	0	71.6	-
209.25	5	0	0	71.6	-
209.45	5	0	0	71.6	-
209.66	5	0	0	71.6	-
209.86	4	0	0	64.8	-
210.06	5	0	0	74.4	-
210.27	5	1	1	74.4	124.16.164.109:1
210.48	5	1	1	74.4	124.16.164.109:1
210.68	5	1	1	75.3	124.16.164.109:1
210.89	5	1	1	75.3	124.16.164.109:1
211.10	5	1	1	75.3	124.16.164.109:1
211.30	5	1	1	75.3	124.16.164.109:1
211.51	5	1	1	75.3	124.16.164.109:1
211.72	5	1	1	75.3	124.16.164.109:1
211.93	5	1	1	75.3	124.16.164.109:1
212.13	5	1	1	75.3	124.16.164.109:1
212.34	5	1	1	75.3	124.16.164.109:1
212.55	5	0	0	74.4	-
212.75	5	0	0	74.4	-
212.96	5	1	1	74.4	124.16.164.109:1
213.17	5	1	1	74.4	124.16.164.109:1
213.38	5	1	1	75.3	124.16.164.109:1
213.58	5	1	1	75.3	124.16.164.109:1
213.79	5	1	1	75.3	124.16.164.109:1
214.00	5	1	1	75.3	124.16.164.109:1
214.21	5	1	1	75.3	124.16.164.109:1
214.42	5	1	1	75.3	124.16.164.109:1
214.63	5	1	1	75.3	124.16.164.109:1
214.83	5	1	1	75.3	124.16.164.109:1
215.04	5	1	1	75.3	124.16.164.109:1
215.25	5	1	1	75.3	124.16.164.109:1
215.46	5	1	1	75.3	124.16.164.109:1
215.67	5	1	1	75.3	124.16.164.109:1
215.87	5	1	1	75.3	124.16.164.109:1
216.08	5	1	1	75.3	124.16.164.109:1
216.29	5	1	1	75.3	124.16.164.109:1
216.50	5	0	0	74.4	-
216.70	5	1	1	74.4	124.16.164.109:1
216.91	5	1	1	74.4	124.16.164.109:1
217.12	5	1	1	75.3	124.16.164.109:1
217.33	5	1	1	75.3	124.16.164.109:1
217.54	5	1	1	75.3	124.16.164.109:1
217.75	5	1	1	75.3	124.16.164.109:1
217.95	5	1	1	75.3	124.16.164.109:1
218.16	5	1	1	75.3	124.16.164.109:1
218.37	5	0	0	74.4	-
218.57	5	0	0	74.4	-
218.78	5	1	1	74.4	124.16.164.109:1
218.99	5	1	1	74.4	124.16.164.109:1
219.19	5	1	1	75.2	124.16.164.109:1
219.40	5	1	1	75.2	124.16.164.109:1
219.61	5	1	1	75.2	124.16.164.109:1
219.81	5	1	1	75.2	124.16.164.109:1
220.02	8	0	0	78.6	-
220.23	8	1	1	78.6	124.16.164.229:1
220.43	8	1	1	78.6	124.16.164.229:1
220.64	8	1	1	78.6	124.16.164.229:1
220.85	8	1	1	78.6	124.16.164.229:1
221.05	8	1	1	78.6	124.16.164.229:1
221.26	8	1	1	78.6	124.16.164.229:1
221.47	8	1	1	78.6	124.16.164.229:1
221.67	8	1	1	78.6	124.16.164.229:1
221.88	8	1	1	78.6	124.16.164.229:1
222.09	8	1	1	78.6	124.16.164.229:1
222.29	8	1	1	78.6	124.16.164.229:1
222.50	8	1	1	78.6	124.16.164.229:1
222.71	8	1	1	78.6	124.16.164.229:1
222.91	8	1	1	78.6	124.16.164.229:1
223.12	8	1	1	78.6	124.16.164.229:1
223.33	8	1	1	78.6	124.16.164.229:1
223.54	8	1	1	78.6	124.16.164.229:1
223.74	8	1	1	78.6	124.16.164.229:1
223.95	8	1	1	78.6	124.16.164.229:1
224.15	8	1	1	78.6	124.16.164.229:1
224.36	8	1	1	78.6	124.16.164.229:1
224.57	8	1	1	78.6	124.16.164.229:1
224.77	8	1	1	78.6	124.16.164.229:1
224.98	8	1	1	78.6	124.16.164.229:1
225.19	8	1	1	78.6	124.16.164.229:1
225.39	8	1	1	78.6	124.16.164.229:1
225.60	8	1	1	78.6	124.16.164.229:1
225.81	8	1	1	78.6	124.16.164.229:1
226.01	8	1	1	78.6	124.16.164.229:1
226.22	8	1	1	78.6	124.16.164.229:1
226.43	8	1	1	78.6	124.16.164.229:1
226.64	8	1	1	78.6	124.16.164.229:1
226.84	8	1	1	78.6	124.16.164.229:1
227.05	8	1	1	78.6	124.16.164.229:1
227.26	8	1	1	78.6	124.16.164.229:1
227.46	8	1	1	78.6	124.16.164.229:1
227.67	8	2	1	78.6	124.16.164.229:1
227.88	8	2	1	78.6	124.16.164.229:1
228.09	8	2	1	78.6	124.16.164.229:1
228.29	8	1	1	78.6	124.16.164.229:1
228.50	8	2	1	78.6	124.16.164.229:1
228.71	8	1	1	78.6	124.16.164.229:1
228.91	4	0	0	64.8	-
229.12	4	0	0	64.8	-
229.33	4	1	1	64.8	124.16.164.229:1
229.53	4	0	0	64.8	-
229.74	4	0	0	64.8	-
229.94	4	1	1	64.8	124.16.164.229:1
230.15	4	1	1	64.8	124.16.164.229:1
230.36	4	1	1	64.8	124.16.164.229:1
230.57	4	1	1	64.8	124.16.164.229:1
230.77	4	1	1	64.8	124.16.164.229:1
230.98	4	1	1	64.8	124.16.164.229:1
231.19	4	1	1	64.8	124.16.164.229:1
231.40	4	1	1	64.8	124.16.164.229:1
231.60	4	1	1	64.8	124.16.164.229:1
231.81	4	1	1	64.8	124.16.164.229:1
232.01	4	1	1	64.8	124.16.164.229:1
232.22	4	1	1	64.8	124.16.164.229:1
232.43	4	1	1	64.8	124.16.164.229:1
232.63	4	1	1	64.8	124.16.164.229:1
232.84	4	1	1	64.8	124.16.164.229:1
233.05	4	1	1	64.8	124.16.164.229:1
233.26	4	1	1	64.8	124.16.164.229:1
233.46	4	1	1	64.8	124.16.164.229:1
233.67	4	1	1	64.8	124.16.164.229:1
233.88	4	1	1	64.8	124.16.164.229:1
234.08	4	1	1	64.8	124.16.164.229:1
234.29	4	1	1	64.8	124.16.164.229:1
234.50	4	1	1	64.8	124.16.164.229:1
234.71	4	1	1	64.8	124.16.164.229:1
234.91	4	1	1	64.8	124.16.164.229:1
235.12	4	1	1	64.8	124.16.164.229:1
235.33	4	1	1	64.8	124.16.164.229:1
235.53	4	1	1	64.8	124.16.164.229:1
235.74	4	1	1	64.8	124.16.164.229:1
235.95	4	1	1	64.8	124.16.164.229:1
236.15	4	2	2	64.8	124.16.164.229:2
236.36	4	2	2	64.8	124.16.164.229:2
236.57	4	2	2	64.8	124.16.164.229:2
236.77	4	2	2	64.8	124.16.164.229:2
236.98	4	2	2	64.8	124.16.164.229:2
237.19	4	2	2	64.8	124.16.164.229:2
237.39	4	2	2	64.8	124.16.164.229:2
237.60	4	2	2	64.8	124.16.164.229:2
237.81	4	2	2	64.8	124.16.164.229:2
238.01	4	2	2	64.8	124.16.164.229:2
238.22	4	2	2	64.8	124.16.164.229:2
238.43	4	2	2	64.8	124.16.164.229:2
238.63	4	2	2	64.8	124.16.164.229:2
238.84	4	2	2	64.8	124.16.164.229:2
239.05	4	2	2	64.8	124.16.164.229:2
239.25	4	2	2	64.8	124.16.164.229:2
239.46	4	2	2	64.8	124.16.164.229:2
239.67	4	2	2	64.8	124.16.164.229:2
239.87	4	2	2	64.8	124.16.164.229:2
240.08	4	2	2	64.8	124.16.164.229:2
240.29	4	2	2	64.8	124.16.164.229:2
240.50	4	2	2	64.8	124.16.164.229:2
240.70	4	2	2	64.8	124.16.164.229:2
240.91	4	2	2	64.8	124.16.164.229:2
241.11	4	2	2	64.8	124.16.164.229:2
241.32	4	2	2	64.8	124.16.164.229:2
241.53	4	2	2	64.8	124.16.164.229:2
241.73	4	2	2	64.8	124.16.164.229:2
241.94	4	2	2	64.8	124.16.164.229:2
242.15	4	2	2	64.8	124.16.164.229:2
242.35	4	2	2	64.8	124.16.164.229:2
242.56	4	2	2	64.8	124.16.164.229:2
242.77	4	2	2	64.8	124.16.164.229:2
242.97	4	2	2	64.8	124.16.164.229:2
243.18	4	3	2	64.8	124.16.164.229:2
243.39	4	3	2	64.8	124.16.164.229:2
243.59	4	2	2	64.8	124.16.164.229:2
243.80	4	2	2	64.8	124.16.164.229:2
244.00	4	2	2	64.8	124.16.164.229:2
244.21	4	1	1	64.8	124.16.164.229:1
244.42	4	0	0	64.8	-
244.62	4	0	0	64.8	-
244.83	4	1	1	64.8	124.16.164.229:1
245.04	4	1	1	64.8	124.16.164.229:1
245.24	4	1	1	64.8	124.16.164.229:1
245.45	4	1	1	64.8	124.16.164.229:1
245.66	4	1	1	64.8	124.16.164.229:1
245.86	4	1	1	64.8	124.16.164.229:1
246.07	4	1	1	64.8	124.16.164.229:1
246.28	4	1	1	64.8	124.16.164.229:1
246.48	4	1	1	64.8	124.16.164.229:1
246.69	4	1	1	64.8	124.16.164.229:1
246.90	4	1	1	64.8	124.16.164.229:1
247.10	4	1	1	64.8	124.16.164.229:1
247.31	4	1	1	64.8	124.16.164.229:1
247.52	4	1	1	64.8	124.16.164.229:1
247.72	4	1	1	64.8	124.16.164.229:1
247.93	4	1	1	64.8	124.16.164.229:1
248.14	4	1	1	64.8	124.16.164.229:1
248.34	4	1	1	64.8	124.16.164.229:1
248.55	4	1	1	64.8	124.16.164.229:1
248.76	4	1	1	64.8	124.16.164.229:1
248.96	4	1	1	64.8	124.16.164.229:1
249.17	4	1	1	64.8	124.16.164.229:1
249.38	4	1	1	64.8	124.16.164.229:1
249.58	4	1	1	64.8	124.16.164.229:1
249.79	4	1	1	64.8	124.16.164.229:1
250.00	4	1	1	64.8	124.16.164.229:1
250.20	4	1	1	64.8	124.16.164.229:1
250.41	4	1	1	64.8	124.16.164.229:1
250.61	4	1	1	64.8	124.16.164.229:1
250.82	4	1	1	64.8	124.16.164.229:1
251.03	4	0	0	64.8	-
251.23	4	0	0	64.8	-
251.44	4	3	3	64.8	124.16.164.229:3
251.65	4	3	3	64.8	124.16.164.229:3
251.85	4	3	3	64.8	124.16.164.229:3
252.06	4	3	3	64.8	124.16.164.229:3
252.27	4	3	3	64.8	124.16.164.229:3
252.47	4	3	3	64.8	124.16.164.229:3
252.68	4	3	3	64.8	124.16.164.229:3
252.89	4	3	3	64.8	124.16.164.229:3
253.09	4	5	3	64.8	124.16.164.229:3
253.30	4	5	3	64.8	124.16.164.229:3
253.51	4	5	3	64.8	124.16.164.229:3
253.71	4	5	3	64.8	124.16.164.229:3
253.92	4	5	3	64.8	124.16.164.229:3
254.12	4	5	3	64.8	124.16.164.229:3
254.33	4	5	3	64.8	124.16.164.229:3
254.54	4	5	3	64.8	124.16.164.229:3
254.74	4	5	3	64.8	124.16.164.229:3
254.95	4	5	3	64.8	124.16.164.229:3
255.16	4	5	3	64.8	124.16.164.229:3
255.37	4	5	3	64.8	124.16.164.229:3
255.57	4	5	3	64.8	124.16.164.229:3
255.78	4	5	3	64.8	124.16.164.229:3
255.99	4	5	3	64.8	124.16.164.229:3
256.19	4	5	3	64.8	124.16.164.229:3
256.40	4	5	3	64.8	124.16.164.229:3
256.61	4	5	3	64.8	124.16.164.229:3
256.81	4	5	3	64.8	124.16.164.229:3
257.02	4	5	3	64.8	124.16.164.229:3
257.23	4	5	3	64.8	124.16.164.229:3
257.43	4	5	3	64.8	124.16.164.229:3
257.64	4	5	3	64.8	124.16.164.229:3
257.84	4	6	3	64.8	124.16.164.229:3
258.05	4	6	3	64.8	124.16.164.229:3
258.26	4	6	3	64.8	124.16.164.229:3
258.47	4	6	3	64.8	124.16.164.229:3
258.67	4	6	3	64.8	124.16.164.229:3
258.88	4	6	3	64.8	124.16.164.229:3
259.09	4	6	3	64.8	124.16.164.229:3
259.29	4	6	3	64.8	124.16.164.229:3
259.50	4	6	3	64.8	124.16.164.229:3
259.71	4	6	3	64.8	124.16.164.229:3
259.91	4	6	3	64.8	124.16.164.229:3
260.12	4	6	3	64.8	124.16.164.229:3
260.33	4	6	3	64.8	124.16.164.229:3
260.53	4	6	3	64.8	124.16.164.229:3
260.74	4	6	3	64.8	124.16.164.229:3
260.94	4	6	3	64.8	124.16.164.229:3
261.15	4	6	3	64.8	124.16.164.229:3
261.36	4	6	3	64.8	124.16.164.229:3
261.57	4	6	3	64.8	124.16.164.229:3
261.77	4	6	3	64.8	124.16.164.229:3
261.98	4	6	3	64.8	124.16.164.229:3
262.19	4	6	3	64.8	124.16.164.229:3
262.39	4	6	3	64.8	124.16.164.229:3
262.60	4	6	3	64.8	124.16.164.229:3
262.81	4	6	3	64.8	124.16.164.229:3
263.01	4	6	3	64.8	124.16.164.229:3
263.22	4	6	3	64.8	124.16.164.229:3
263.42	4	6	3	64.8	124.16.164.229:3
263.63	4	6	3	64.8	124.16.164.229:3
263.84	4	6	3	64.8	124.16.164.229:3
264.04	4	6	3	64.8	124.16.164.229:3
264.25	4	6	3	64.8	124.16.164.229:3
264.46	4	6	3	64.8	124.16.164.229:3
264.67	4	6	3	64.8	124.16.164.229:3
264.87	4	6	3	64.8	124.16.164.229:3
265.08	4	6	3	64.8	124.16.164.229:3
265.29	4	6	3	64.8	124.16.164.229:3
265.49	4	6	3	64.8	124.16.164.229:3
265.70	4	6	3	64.8	124.16.164.229:3
265.91	4	6	3	64.8	124.16.164.229:3
266.11	4	6	3	64.8	124.16.164.229:3
266.32	4	6	3	64.8	124.16.164.229:3
266.52	4	6	3	64.8	124.16.164.229:3
266.73	4	6	3	64.8	124.16.164.229:3
266.94	4	6	3	64.8	124.16.164.229:3
267.14	4	6	3	64.8	124.16.164.229:3
267.35	4	6	3	64.8	124.16.164.229:3
267.56	4	6	3	64.8	124.16.164.229:3
267.77	4	6	3	64.8	124.16.164.229:3
267.97	4	6	3	64.8	124.16.164.229:3
268.18	4	6	3	64.8	124.16.164.229:3
268.39	4	6	3	64.8	124.16.164.229:3
268.59	4	6	3	64.8	124.16.164.229:3
268.80	4	6	3	64.8	124.16.164.229:3
269.00	4	6	3	64.8	124.16.164.229:3
269.21	4	6	3	64.8	124.16.164.229:3
269.42	4	6	3	64.8	124.16.164.229:3
269.62	4	6	3	64.8	124.16.164.229:3
269.83	4	6	3	64.8	124.16.164.229:3
270.04	4	6	3	64.8	124.16.164.229:3
270.24	4	6	3	64.8	124.16.164.229:3
270.45	4	6	3	64.8	124.16.164.229:3
270.65	4	6	3	64.8	124.16.164.229:3
270.86	4	6	3	64.8	124.16.164.229:3
271.07	4	6	3	64.8	124.16.164.229:3
271.27	4	6	3	64.8	124.16.164.229:3
271.48	4	6	3	64.8	124.16.164.229:3
271.69	4	6	3	64.8	124.16.164.229:3
271.89	4	6	3	64.8	124.16.164.229:3
272.10	4	6	3	64.8	124.16.164.229:3
272.31	4	6	3	64.8	124.16.164.229:3
272.51	4	6	3	64.8	124.16.164.229:3
272.72	4	6	3	64.8	124.16.164.229:3
272.93	4	6	3	64.8	124.16.164.229:3
273.13	4	6	3	64.8	124.16.164.229:3
273.34	4	6	3	64.8	124.16.164.229:3
273.55	4	6	3	64.8	124.16.164.229:3
273.75	4	6	3	64.8	124.16.164.229:3
273.96	4	6	3	64.8	124.16.164.229:3
274.17	4	6	3	64.8	124.16.164.229:3
274.37	4	6	3	64.8	124.16.164.229:3
274.58	4	6	3	64.8	124.16.164.229:3
274.79	4	6	3	64.8	124.16.164.229:3
274.99	4	6	3	64.8	124.16.164.229:3
275.20	4	6	3	64.8	124.16.164.229:3
275.41	4	6	3	64.8	124.16.164.229:3
275.61	4	6	3	64.8	124.16.164.229:3
275.82	4	6	3	64.8	124.16.164.229:3
276.02	4	6	3	64.8	124.16.164.229:3
276.23	4	6	3	64.8	124.16.164.229:3
276.44	4	6	3	64.8	124.16.164.229:3
276.65	4	6	3	64.8	124.16.164.229:3
276.85	4	6	3	64.8	124.16.164.229:3
277.06	4	6	3	64.8	124.16.164.229:3
277.27	4	6	3	64.8	124.16.164.229:3
277.47	4	6	3	64.8	124.16.164.229:3
277.68	4	6	3	64.8	124.16.164.229:3
277.89	4	6	3	64.8	124.16.164.229:3
278.09	4	6	3	64.8	124.16.164.229:3
278.30	4	6	3	64.8	124.16.164.229:3
278.50	4	6	3	64.8	124.16.164.229:3
278.71	4	6	3	64.8	124.16.164.229:3
278.92	4	6	3	64.8	124.16.164.229:3
279.12	4	6	3	64.8	124.16.164.229:3
279.33	4	6	3	64.8	124.16.164.229:3
279.54	4	6	3	64.8	124.16.164.229:3
279.74	4	6	3	64.8	124.16.164.229:3
279.95	4	6	3	64.8	124.16.164.229:3
280.16	4	6	3	64.8	124.16.164.229:3
280.36	4	6	3	64.8	124.16.164.229:3
280.57	4	6	3	64.8	124.16.164.229:3
280.77	4	6	3	64.8	124.16.164.229:3
280.98	4	6	3	64.8	124.16.164.229:3
281.19	4	6	3	64.8	124.16.164.229:3
281.39	4	6	3	64.8	124.16.164.229:3
281.60	4	6	3	64.8	124.16.164.229:3
281.81	4	6	3	64.8	124.16.164.229:3
282.01	4	6	3	64.8	124.16.164.229:3
282.22	4	6	3	64.8	124.16.164.229:3
282.43	4	6	3	64.8	124.16.164.229:3
282.64	4	6	3	64.8	124.16.164.229:3
282.84	4	6	3	64.8	124.16.164.229:3
283.05	4	6	3	64.8	124.16.164.229:3
283.26	4	6	3	64.8	124.16.164.229:3
283.46	4	6	3	64.8	124.16.164.229:3
283.67	4	6	3	64.8	124.16.164.229:3
283.88	4	6	3	64.8	124.16.164.229:3
284.08	4	6	3	64.8	124.16.164.229:3
284.29	4	6	3	64.8	124.16.164.229:3
284.50	4	6	3	64.8	124.16.164.229:3
284.70	4	6	3	64.8	124.16.164.229:3
284.91	4	6	3	64.8	124.16.164.229:3
285.12	4	6	3	64.8	124.16.164.229:3
285.33	4	6	3	64.8	124.16.164.229:3
285.53	4	6	3	64.8	124.16.164.229:3
285.74	4	6	3	64.8	124.16.164.229:3
285.94	4	6	3	64.8	124.16.164.229:3
286.15	4	6	3	64.8	124.16.164.229:3
286.36	4	6	3	64.8	124.16.164.229:3
286.56	4	6	3	64.8	124.16.164.229:3
286.77	4	6	3	64.8	124.16.164.229:3
286.98	4	6	3	64.8	124.16.164.229:3
287.18	4	6	3	64.8	124.16.164.229:3
287.39	4	6	3	64.8	124.16.164.229:3
287.60	4	6	3	64.8	124.16.164.229:3
287.80	4	6	3	64.8	124.16.164.229:3
288.01	4	6	3	64.8	124.16.164.229:3
288.21	4	6	3	64.8	124.16.164.229:3
288.42	4	6	3	64.8	124.16.164.229:3
288.63	4	6	3	64.8	124.16.164.229:3
288.83	4	6	3	64.8	124.16.164.229:3
289.04	4	6	3	64.8	124.16.164.229:3
289.25	4	6	3	64.8	124.16.164.229:3
289.45	4	6	3	64.8	124.16.164.229:3
289.66	4	6	3	64.8	124.16.164.229:3
289.87	4	6	3	64.8	124.16.164.229:3
290.07	4	6	3	64.8	124.16.164.229:3
290.28	4	6	3	64.8	124.16.164.229:3
290.49	4	6	3	64.8	124.16.164.229:3
290.69	4	6	3	64.8	124.16.164.229:3
290.90	4	6	3	64.8	124.16.164.229:3
291.10	4	6	3	64.8	124.16.164.229:3
291.31	4	6	3	64.8	124.16.164.229:3
291.52	4	6	3	64.8	124.16.164.229:3
291.72	4	6	3	64.8	124.16.164.229:3
291.93	4	6	3	64.8	124.16.164.229:3
292.14	4	6	3	64.8	124.16.164.229:3
292.34	4	6	3	64.8	124.16.164.229:3
292.55	4	6	3	64.8	124.16.164.229:3
292.76	4	6	3	64.8	124.16.164.229:3
292.96	4	6	3	64.8	124.16.164.229:3
293.17	4	6	3	64.8	124.16.164.229:3
293.38	4	6	3	64.8	124.16.164.229:3
293.59	4	6	3	64.8	124.16.164.229:3
293.79	4	6	3	64.8	124.16.164.229:3
294.00	4	6	3	64.8	124.16.164.229:3
294.20	4	6	3	64.8	124.16.164.229:3
294.41	4	6	3	64.8	124.16.164.229:3
294.62	4	6	3	64.8	124.16.164.229:3
294.82	4	6	3	64.8	124.16.164.229:3
295.03	4	6	3	64.8	124.16.164.229:3
295.24	4	6	3	64.8	124.16.164.229:3
295.44	4	6	3	64.8	124.16.164.229:3
295.65	4	6	3	64.8	124.16.164.229:3
295.86	4	6	3	64.8	124.16.164.229:3
296.07	4	6	3	64.8	124.16.164.229:3
296.27	4	6	3	64.8	124.16.164.229:3
296.48	4	6	3	64.8	124.16.164.229:3
296.69	4	6	3	64.8	124.16.164.229:3
296.89	4	6	3	64.8	124.16.164.229:3
297.10	4	6	3	64.8	124.16.164.229:3
297.30	4	6	3	64.8	124.16.164.229:3
297.51	4	6	3	64.8	124.16.164.229:3
297.72	4	6	3	64.8	124.16.164.229:3
297.92	4	6	3	64.8	124.16.164.229:3
298.13	4	6	3	64.8	124.16.164.229:3
298.34	4	6	3	64.8	124.16.164.229:3
298.54	4	6	3	64.8	124.16.164.229:3
298.75	4	6	3	64.8	124.16.164.229:3
298.96	4	6	3	64.8	124.16.164.229:3
299.16	4	6	3	64.8	124.16.164.229:3
299.37	4	6	3	64.8	124.16.164.229:3
299.58	4	6	3	64.8	124.16.164.229:3
299.78	4	6	3	64.8	124.16.164.229:3
299.99	4	6	3	64.8	124.16.164.229:3
300.20	4	6	3	64.8	124.16.164.229:3
300.40	4	6	3	64.8	124.16.164.229:3
300.61	4	6	3	64.8	124.16.164.229:3
300.82	4	6	3	64.8	124.16.164.229:3
301.02	4	6	3	64.8	124.16.164.229:3
301.23	4	6	3	64.8	124.16.164.229:3
301.44	4	6	3	64.8	124.16.164.229:3
301.65	4	6	3	64.8	124.16.164.229:3
301.85	4	6	3	64.8	124.16.164.229:3
302.06	4	6	3	64.8	124.16.164.229:3
302.27	4	6	3	64.8	124.16.164.229:3
302.47	4	6	3	64.8	124.16.164.229:3
302.68	4	6	3	64.8	124.16.164.229:3
302.88	4	6	3	64.8	124.16.164.229:3
303.09	4	6	3	64.8	124.16.164.229:3
303.30	4	6	3	64.8	124.16.164.229:3
303.50	4	6	3	64.8	124.16.164.229:3
303.71	4	6	3	64.8	124.16.164.229:3
303.92	4	6	3	64.8	124.16.164.229:3
304.12	4	6	3	64.8	124.16.164.229:3
304.33	4	6	3	64.8	124.16.164.229:3
304.54	4	6	3	64.8	124.16.164.229:3
304.75	4	6	3	64.8	124.16.164.229:3
304.95	4	6	3	64.8	124.16.164.229:3
305.16	4	6	3	64.8	124.16.164.229:3
305.36	4	6	3	64.8	124.16.164.229:3
305.57	4	6	3	64.8	124.16.164.229:3
305.78	4	6	3	64.8	124.16.164.229:3
305.98	4	6	3	64.8	124.16.164.229:3
306.19	4	6	3	64.8	124.16.164.229:3
306.40	4	6	3	64.8	124.16.164.229:3
306.60	4	6	3	64.8	124.16.164.229:3
306.81	4	6	3	64.8	124.16.164.229:3
307.02	4	6	3	64.8	124.16.164.229:3
307.22	4	6	3	64.8	124.16.164.229:3
307.43	4	6	3	64.8	124.16.164.229:3
307.64	4	6	3	64.8	124.16.164.229:3
307.84	4	6	3	64.8	124.16.164.229:3
308.05	4	6	3	64.8	124.16.164.229:3
308.26	4	6	3	64.8	124.16.164.229:3
308.46	4	6	3	64.8	124.16.164.229:3
308.67	4	6	3	64.8	124.16.164.229:3
308.88	4	6	3	64.8	124.16.164.229:3
309.08	4	6	3	64.8	124.16.164.229:3
309.29	4	6	3	64.8	124.16.164.229:3
309.49	4	6	3	64.8	124.16.164.229:3
309.70	4	6	3	64.8	124.16.164.229:3
309.91	4	6	3	64.8	124.16.164.229:3
310.11	4	6	3	64.8	124.16.164.229:3
310.32	4	6	3	64.8	124.16.164.229:3
310.53	4	6	3	64.8	124.16.164.229:3
310.73	4	6	3	64.8	124.16.164.229:3
310.94	4	6	3	64.8	124.16.164.229:3
311.15	4	6	3	64.8	124.16.164.229:3
311.35	4	6	3	64.8	124.16.164.229:3
311.56	4	6	3	64.8	124.16.164.229:3
311.77	4	6	3	64.8	124.16.164.229:3
311.97	4	6	3	64.8	124.16.164.229:3
312.18	4	6	3	64.8	124.16.164.229:3
312.39	4	6	3	64.8	124.16.164.229:3
312.59	4	6	3	64.8	124.16.164.229:3
312.80	4	6	3	64.8	124.16.164.229:3
313.01	4	6	3	64.8	124.16.164.229:3
313.21	4	6	3	64.8	124.16.164.229:3
313.42	4	6	3	64.8	124.16.164.229:3
313.63	4	6	3	64.8	124.16.164.229:3
313.83	4	6	3	64.8	124.16.164.229:3
314.04	4	6	3	64.8	124.16.164.229:3
314.25	4	6	3	64.8	124.16.164.229:3
314.45	4	6	3	64.8	124.16.164.229:3
314.66	4	6	3	64.8	124.16.164.229:3
314.87	4	6	3	64.8	124.16.164.229:3
315.07	4	6	3	64.8	124.16.164.229:3
315.28	4	6	3	64.8	124.16.164.229:3
315.49	4	6	3	64.8	124.16.164.229:3
315.69	4	6	3	64.8	124.16.164.229:3
315.90	4	6	3	64.8	124.16.164.229:3
316.11	4	6	3	64.8	124.16.164.229:3
316.32	4	6	3	64.8	124.16.164.229:3
316.52	4	6	3	64.8	124.16.164.229:3
316.73	4	6	3	64.8	124.16.164.229:3
316.93	4	6	3	64.8	124.16.164.229:3
317.14	4	6	3	64.8	124.16.164.229:3
317.35	4	6	3	64.8	124.16.164.229:3
317.56	4	6	3	64.8	124.16.164.229:3
317.76	4	6	3	64.8	124.16.164.229:3
317.97	4	6	3	64.8	124.16.164.229:3
318.18	4	6	3	64.8	124.16.164.229:3
318.38	4	6	3	64.8	124.16.164.229:3
318.59	4	6	3	64.8	124.16.164.229:3
318.79	4	6	3	64.8	124.16.164.229:3
319.00	4	6	3	64.8	124.16.164.229:3
319.21	4	6	3	64.8	124.16.164.229:3
319.41	4	6	3	64.8	124.16.164.229:3
319.62	4	6	3	64.8	124.16.164.229:3
319.83	4	6	3	64.8	124.16.164.229:3
320.03	4	6	3	64.8	124.16.164.229:3
320.24	4	6	3	64.8	124.16.164.229:3
320.45	4	6	3	64.8	124.16.164.229:3
320.66	4	6	3	64.8	124.16.164.229:3
320.86	4	6	3	64.8	124.16.164.229:3
321.07	4	6	3	64.8	124.16.164.229:3
321.28	4	6	3	64.8	124.16.164.229:3
321.49	4	6	3	64.8	124.16.164.229:3
321.70	4	6	3	64.8	124.16.164.229:3
321.90	4	6	3	64.8	124.16.164.229:3
322.11	4	6	3	64.8	124.16.164.229:3
322.32	4	6	3	64.8	124.16.164.229:3
322.52	4	6	3	64.8	124.16.164.229:3
322.73	4	6	3	64.8	124.16.164.229:3
322.94	4	6	3	64.8	124.16.164.229:3
323.15	4	6	3	64.8	124.16.164.229:3
323.35	4	6	3	64.8	124.16.164.229:3
323.56	4	6	3	64.8	124.16.164.229:3
323.77	4	6	3	64.8	124.16.164.229:3
323.98	4	6	3	64.8	124.16.164.229:3
324.18	4	6	3	64.8	124.16.164.229:3
324.39	4	6	3	64.8	124.16.164.229:3
324.60	4	6	3	64.8	124.16.164.229:3
324.81	4	6	3	64.8	124.16.164.229:3
325.02	4	6	3	64.8	124.16.164.229:3
325.23	4	6	3	64.8	124.16.164.229:3
325.44	4	6	3	64.8	124.16.164.229:3
325.65	4	6	3	64.8	124.16.164.229:3
325.86	4	6	3	64.8	124.16.164.229:3
326.06	4	6	3	64.8	124.16.164.229:3
326.27	4	6	3	64.8	124.16.164.229:3
326.48	4	6	3	64.8	124.16.164.229:3
326.68	4	6	3	64.8	124.16.164.229:3
326.89	4	6	3	64.8	124.16.164.229:3
327.10	4	6	3	64.8	124.16.164.229:3
327.31	4	6	3	64.8	124.16.164.229:3
327.52	4	6	3	64.8	124.16.164.229:3
327.72	4	6	3	64.8	124.16.164.229:3
327.93	4	6	3	64.8	124.16.164.229:3
328.14	4	6	3	64.8	124.16.164.229:3
328.34	4	6	3	64.8	124.16.164.229:3
328.55	4	6	3	64.8	124.16.164.229:3
328.76	4	6	3	64.8	124.16.164.229:3
328.97	4	6	3	64.8	124.16.164.229:3
329.17	4	6	3	64.8	124.16.164.229:3
329.38	4	6	3	64.8	124.16.164.229:3
329.59	4	6	3	64.8	124.16.164.229:3
329.79	4	6	3	64.8	124.16.164.229:3
330.00	4	6	3	64.8	124.16.164.229:3
330.21	4	6	3	64.8	124.16.164.229:3
330.42	4	6	3	64.8	124.16.164.229:3
330.62	4	6	3	64.8	124.16.164.229:3
330.83	4	6	3	64.8	124.16.164.229:3
331.04	4	6	3	64.8	124.16.164.229:3
331.25	4	6	3	64.8	124.16.164.229:3
331.46	4	6	3	64.8	124.16.164.229:3
331.67	4	6	3	64.8	124.16.164.229:3
331.88	4	6	3	64.8	124.16.164.229:3
332.08	4	6	3	64.8	124.16.164.229:3
332.29	4	6	3	64.8	124.16.164.229:3
332.50	4	6	3	64.8	124.16.164.229:3
332.71	4	6	3	64.8	124.16.164.229:3
332.91	4	6	3	64.8	124.16.164.229:3
333.12	4	6	3	64.8	124.16.164.229:3
333.33	4	6	3	64.8	124.16.164.229:3
333.54	4	6	3	64.8	124.16.164.229:3
333.75	4	6	3	64.8	124.16.164.229:3
333.95	4	6	3	64.8	124.16.164.229:3
334.16	4	6	3	64.8	124.16.164.229:3
334.37	4	6	3	64.8	124.16.164.229:3
334.58	4	6	3	64.8	124.16.164.229:3
334.79	4	6	3	64.8	124.16.164.229:3
334.99	4	6	3	64.8	124.16.164.229:3
335.20	4	6	3	64.8	124.16.164.229:3
335.41	4	6	3	64.8	124.16.164.229:3
335.62	4	6	3	64.8	124.16.164.229:3
335.83	4	6	3	64.8	124.16.164.229:3
336.03	4	6	3	64.8	124.16.164.229:3
336.24	4	6	3	64.8	124.16.164.229:3
336.45	4	6	3	64.8	124.16.164.229:3
336.65	4	6	3	64.8	124.16.164.229:3
336.86	4	6	3	64.8	124.16.164.229:3
337.07	4	6	3	64.8	124.16.164.229:3
337.28	4	6	3	64.8	124.16.164.229:3
337.48	4	6	3	64.8	124.16.164.229:3
337.69	4	6	3	64.8	124.16.164.229:3
337.90	4	6	3	64.8	124.16.164.229:3
338.10	4	6	3	64.8	124.16.164.229:3
338.31	4	6	3	64.8	124.16.164.229:3
338.52	4	6	3	64.8	124.16.164.229:3
338.73	4	6	3	64.8	124.16.164.229:3
338.93	4	6	3	64.8	124.16.164.229:3
339.14	4	6	3	64.8	124.16.164.229:3
339.35	4	6	3	64.8	124.16.164.229:3
339.56	4	6	3	64.8	124.16.164.229:3
339.77	4	6	3	64.8	124.16.164.229:3
339.97	4	6	3	64.8	124.16.164.229:3
340.18	4	6	3	64.8	124.16.164.229:3
340.39	4	6	3	64.8	124.16.164.229:3
340.59	4	6	3	64.8	124.16.164.229:3
340.80	4	6	3	64.8	124.16.164.229:3
341.01	4	6	3	64.8	124.16.164.229:3
341.22	4	6	3	64.8	124.16.164.229:3
341.42	4	6	3	64.8	124.16.164.229:3
341.63	4	6	3	64.8	124.16.164.229:3
341.84	4	6	3	64.8	124.16.164.229:3
342.04	4	6	3	64.8	124.16.164.229:3
342.25	4	6	3	64.8	124.16.164.229:3
342.46	4	6	3	64.8	124.16.164.229:3
342.67	4	6	3	64.8	124.16.164.229:3
342.87	4	6	3	64.8	124.16.164.229:3
343.08	4	6	3	64.8	124.16.164.229:3
343.29	4	6	3	64.8	124.16.164.229:3
343.50	4	6	3	64.8	124.16.164.229:3
343.70	4	6	3	64.8	124.16.164.229:3
343.91	4	6	3	64.8	124.16.164.229:3
344.12	4	6	3	64.8	124.16.164.229:3
344.33	4	6	3	64.8	124.16.164.229:3
344.54	4	6	3	64.8	124.16.164.229:3
344.75	4	6	3	64.8	124.16.164.229:3
344.96	4	6	3	64.8	124.16.164.229:3
345.16	4	6	3	64.8	124.16.164.229:3
345.37	4	6	3	64.8	124.16.164.229:3
345.58	4	6	3	64.8	124.16.164.229:3
345.79	4	6	3	64.8	124.16.164.229:3
346.00	4	6	3	64.8	124.16.164.229:3
346.21	4	6	3	64.8	124.16.164.229:3
346.41	4	6	3	64.8	124.16.164.229:3
346.62	4	6	3	64.8	124.16.164.229:3
346.83	4	6	3	64.8	124.16.164.229:3
347.04	4	6	3	64.8	124.16.164.229:3
347.25	4	6	3	64.8	124.16.164.229:3
347.46	4	6	3	64.8	124.16.164.229:3
347.67	4	6	3	64.8	124.16.164.229:3
347.87	4	6	3	64.8	124.16.164.229:3
348.08	4	6	3	64.8	124.16.164.229:3
348.29	4	6	3	64.8	124.16.164.229:3
348.50	4	6	3	64.8	124.16.164.229:3
348.71	4	6	3	64.8	124.16.164.229:3
348.92	4	6	3	64.8	124.16.164.229:3
349.13	4	6	3	64.8	124.16.164.229:3
349.34	4	6	3	64.8	124.16.164.229:3
349.55	4	6	3	64.8	124.16.164.229:3
349.75	4	6	3	64.8	124.16.164.229:3
349.97	4	6	3	64.8	124.16.164.229:3
350.17	4	6	3	64.8	124.16.164.229:3
350.38	4	6	3	64.8	124.16.164.229:3
350.59	4	6	3	64.8	124.16.164.229:3
350.80	4	6	3	64.8	124.16.164.229:3
351.01	4	6	3	64.8	124.16.164.229:3
351.22	4	6	3	64.8	124.16.164.229:3
351.43	4	6	3	64.8	124.16.164.229:3
351.64	4	6	3	64.8	124.16.164.229:3
351.85	4	6	3	64.8	124.16.164.229:3
352.06	4	6	3	64.8	124.16.164.229:3
352.26	4	6	3	64.8	124.16.164.229:3
352.47	4	6	3	64.8	124.16.164.229:3
352.68	4	6	3	64.8	124.16.164.229:3
352.89	4	6	3	64.8	124.16.164.229:3
353.10	4	6	3	64.8	124.16.164.229:3
353.30	4	6	3	64.8	124.16.164.229:3
353.51	4	6	3	64.8	124.16.164.229:3
353.72	4	6	3	64.8	124.16.164.229:3
353.92	4	6	3	64.8	124.16.164.229:3
354.13	4	6	3	64.8	124.16.164.229:3
354.34	4	6	3	64.8	124.16.164.229:3
354.55	4	6	3	64.8	124.16.164.229:3
354.76	4	6	3	64.8	124.16.164.229:3
354.96	4	6	3	64.8	124.16.164.229:3
355.17	4	6	3	64.8	124.16.164.229:3
355.38	4	6	3	64.8	124.16.164.229:3
355.59	4	6	3	64.8	124.16.164.229:3
355.79	4	6	3	64.8	124.16.164.229:3
356.00	4	6	3	64.8	124.16.164.229:3
356.21	4	6	3	64.8	124.16.164.229:3
356.42	4	6	3	64.8	124.16.164.229:3
356.62	4	6	3	64.8	124.16.164.229:3
356.83	4	6	3	64.8	124.16.164.229:3
357.04	4	6	3	64.8	124.16.164.229:3
357.24	4	6	3	64.8	124.16.164.229:3
357.45	4	6	3	64.8	124.16.164.229:3
357.66	4	6	3	64.8	124.16.164.229:3
357.86	4	6	3	64.8	124.16.164.229:3
358.07	4	6	3	64.8	124.16.164.229:3
358.28	4	6	3	64.8	124.16.164.229:3
358.49	4	6	3	64.8	124.16.164.229:3
358.70	4	6	3	64.8	124.16.164.229:3
358.90	4	6	3	64.8	124.16.164.229:3
359.11	4	6	3	64.8	124.16.164.229:3
359.32	4	6	3	64.8	124.16.164.229:3
359.52	4	6	3	64.8	124.16.164.229:3
359.73	4	6	3	64.8	124.16.164.229:3
359.94	4	6	3	64.8	124.16.164.229:3
360.14	4	6	3	64.8	124.16.164.229:3
360.35	4	6	3	64.8	124.16.164.229:3
360.56	4	6	3	64.8	124.16.164.229:3
360.76	4	6	3	64.8	124.16.164.229:3
360.97	4	6	3	64.8	124.16.164.229:3
361.18	4	6	3	64.8	124.16.164.229:3
361.39	4	6	3	64.8	124.16.164.229:3
361.59	4	6	3	64.8	124.16.164.229:3
361.80	4	6	3	64.8	124.16.164.229:3
362.01	4	6	3	64.8	124.16.164.229:3
362.21	4	6	3	64.8	124.16.164.229:3
362.42	4	6	3	64.8	124.16.164.229:3
362.63	4	6	3	64.8	124.16.164.229:3
362.84	4	6	3	64.8	124.16.164.229:3
363.05	4	6	3	64.8	124.16.164.229:3
363.26	4	6	3	64.8	124.16.164.229:3
363.46	4	6	3	64.8	124.16.164.229:3
363.67	4	6	3	64.8	124.16.164.229:3
363.88	4	6	3	64.8	124.16.164.229:3
364.09	4	6	3	64.8	124.16.164.229:3
364.29	4	6	3	64.8	124.16.164.229:3
364.50	4	6	3	64.8	124.16.164.229:3
364.71	4	6	3	64.8	124.16.164.229:3
364.92	4	6	3	64.8	124.16.164.229:3
365.12	4	6	3	64.8	124.16.164.229:3
365.33	4	6	3	64.8	124.16.164.229:3
365.54	4	6	3	64.8	124.16.164.229:3
365.75	4	6	3	64.8	124.16.164.229:3
365.95	4	6	3	64.8	124.16.164.229:3
366.16	4	6	3	64.8	124.16.164.229:3
366.37	4	6	3	64.8	124.16.164.229:3
366.57	4	6	3	64.8	124.16.164.229:3
366.78	4	6	3	64.8	124.16.164.229:3
366.99	4	6	3	64.8	124.16.164.229:3
367.20	4	6	3	64.8	124.16.164.229:3
367.40	4	6	3	64.8	124.16.164.229:3
367.61	4	6	3	64.8	124.16.164.229:3
367.82	4	6	3	64.8	124.16.164.229:3
368.03	4	6	3	64.8	124.16.164.229:3
368.23	4	6	3	64.8	124.16.164.229:3
368.44	4	6	3	64.8	124.16.164.229:3
368.65	4	6	3	64.8	124.16.164.229:3
368.86	4	6	3	64.8	124.16.164.229:3
369.06	4	6	3	64.8	124.16.164.229:3
369.27	4	6	3	64.8	124.16.164.229:3
369.48	4	6	3	64.8	124.16.164.229:3
369.68	4	6	3	64.8	124.16.164.229:3
369.89	4	6	3	64.8	124.16.164.229:3
370.10	4	6	3	64.8	124.16.164.229:3
370.30	4	6	3	64.8	124.16.164.229:3
370.51	4	6	3	64.8	124.16.164.229:3
370.72	4	6	3	64.8	124.16.164.229:3
370.93	4	6	3	64.8	124.16.164.229:3
371.13	4	6	3	64.8	124.16.164.229:3
371.34	4	6	3	64.8	124.16.164.229:3
371.55	4	6	3	64.8	124.16.164.229:3
371.75	4	6	3	64.8	124.16.164.229:3
371.96	4	6	3	64.8	124.16.164.229:3
372.17	4	6	3	64.8	124.16.164.229:3
372.37	4	6	3	64.8	124.16.164.229:3
372.58	4	6	3	64.8	124.16.164.229:3
372.79	4	6	3	64.8	124.16.164.229:3
372.99	4	6	3	64.8	124.16.164.229:3
373.20	4	6	3	64.8	124.16.164.229:3
373.41	4	6	3	64.8	124.16.164.229:3
373.62	4	6	3	64.8	124.16.164.229:3
373.82	4	6	3	64.8	124.16.164.229:3
374.03	4	6	3	64.8	124.16.164.229:3
374.24	4	6	3	64.8	124.16.164.229:3
374.44	4	6	3	64.8	124.16.164.229:3
374.65	4	6	3	64.8	124.16.164.229:3
374.86	4	6	3	64.8	124.16.164.229:3
375.06	4	6	3	64.8	124.16.164.229:3
375.27	4	6	3	64.8	124.16.164.229:3
375.48	4	6	3	64.8	124.16.164.229:3
375.68	4	6	3	64.8	124.16.164.229:3
375.89	4	6	3	64.8	124.16.164.229:3
376.10	4	6	3	64.8	124.16.164.229:3
376.30	4	6	3	64.8	124.16.164.229:3
376.51	4	6	3	64.8	124.16.164.229:3
376.72	4	6	3	64.8	124.16.164.229:3
376.93	4	6	3	64.8	124.16.164.229:3
377.13	4	6	3	64.8	124.16.164.229:3
377.34	4	6	3	64.8	124.16.164.229:3
377.55	4	6	3	64.8	124.16.164.229:3
377.75	4	6	3	64.8	124.16.164.229:3
377.96	4	5	3	64.8	124.16.164.229:3
378.17	4	5	3	64.8	124.16.164.229:3
378.37	4	5	3	64.8	124.16.164.229:3
378.58	4	4	2	64.8	124.16.164.229:2
378.79	4	4	2	64.8	124.16.164.229:2
379.00	4	4	2	64.8	124.16.164.229:2
379.20	4	4	2	64.8	124.16.164.229:2
379.41	4	4	2	64.8	124.16.164.229:2
379.62	4	4	2	64.8	124.16.164.229:2
379.83	4	4	2	64.8	124.16.164.229:2
380.03	4	4	2	64.8	124.16.164.229:2
380.24	4	4	2	64.8	124.16.164.229:2
380.45	4	4	2	64.8	124.16.164.229:2
380.66	4	4	2	64.8	124.16.164.229:2
380.87	4	4	2	64.8	124.16.164.229:2
381.07	4	4	2	64.8	124.16.164.229:2
381.28	4	4	2	64.8	124.16.164.229:2
381.49	4	4	2	64.8	124.16.164.229:2
381.69	4	4	2	64.8	124.16.164.229:2
381.90	4	4	2	64.8	124.16.164.229:2
382.11	4	4	2	64.8	124.16.164.229:2
382.31	4	4	2	64.8	124.16.164.229:2
382.52	4	4	2	64.8	124.16.164.229:2
382.73	4	4	2	64.8	124.16.164.229:2
382.93	4	4	2	64.8	124.16.164.229:2
383.14	4	4	2	64.8	124.16.164.229:2
383.35	4	4	2	64.8	124.16.164.229:2
383.55	4	4	2	64.8	124.16.164.229:2
383.76	4	4	2	64.8	124.16.164.229:2
383.97	4	4	2	64.8	124.16.164.229:2
384.17	4	4	2	64.8	124.16.164.229:2
384.38	4	4	2	64.8	124.16.164.229:2
384.59	4	4	2	64.8	124.16.164.229:2
384.80	4	4	2	64.8	124.16.164.229:2
385.00	4	4	2	64.8	124.16.164.229:2
385.21	4	4	2	64.8	124.16.164.229:2
385.42	4	4	2	64.8	124.16.164.229:2
385.62	4	4	2	64.8	124.16.164.229:2
385.83	4	4	2	64.8	124.16.164.229:2
386.04	4	4	2	64.8	124.16.164.229:2
386.24	4	4	2	64.8	124.16.164.229:2
386.45	4	4	2	64.8	124.16.164.229:2
386.66	4	4	2	64.8	124.16.164.229:2
386.86	4	4	2	64.8	124.16.164.229:2
387.07	4	4	2	64.8	124.16.164.229:2
387.28	4	4	2	64.8	124.16.164.229:2
387.48	4	4	2	64.8	124.16.164.229:2
387.69	4	4	2	64.8	124.16.164.229:2
387.90	4	4	2	64.8	124.16.164.229:2
388.11	4	4	2	64.8	124.16.164.229:2
388.31	4	4	2	64.8	124.16.164.229:2
388.52	4	4	2	64.8	124.16.164.229:2
388.72	4	4	2	64.8	124.16.164.229:2
388.93	4	4	2	64.8	124.16.164.229:2
389.14	4	4	2	64.8	124.16.164.229:2
389.34	4	4	2	64.8	124.16.164.229:2
389.55	4	3	2	64.8	124.16.164.229:2
389.76	4	3	2	64.8	124.16.164.229:2
389.96	4	3	2	64.8	124.16.164.229:2
390.17	4	2	1	64.8	124.16.164.229:1
390.38	4	2	1	64.8	124.16.164.229:1
390.59	4	2	1	64.8	124.16.164.229:1
390.79	4	2	1	64.8	124.16.164.229:1
391.00	4	2	1	64.8	124.16.164.229:1
391.21	4	2	1	64.8	124.16.164.229:1
391.41	4	2	1	64.8	124.16.164.229:1
391.62	4	2	1	64.8	124.16.164.229:1
391.83	4	2	1	64.8	124.16.164.229:1
392.04	4	2	1	64.8	124.16.164.229:1
392.25	4	2	1	64.8	124.16.164.229:1
392.45	4	2	1	64.8	124.16.164.229:1
392.66	4	2	1	64.8	124.16.164.229:1
392.87	4	2	1	64.8	124.16.164.229:1
393.08	4	2	1	64.8	124.16.164.229:1
393.28	4	2	1	64.8	124.16.164.229:1
393.49	4	2	1	64.8	124.16.164.229:1
393.70	4	2	1	64.8	124.16.164.229:1
393.91	4	2	1	64.8	124.16.164.229:1
394.12	4	2	1	64.8	124.16.164.229:1
394.32	4	2	1	64.8	124.16.164.229:1
394.53	4	2	1	64.8	124.16.164.229:1
394.74	4	2	1	64.8	124.16.164.229:1
394.94	4	2	1	64.8	124.16.164.229:1
395.15	4	2	1	64.8	124.16.164.229:1
395.36	4	2	1	64.8	124.16.164.229:1
395.57	4	2	1	64.8	124.16.164.229:1
395.78	4	2	1	64.8	124.16.164.229:1
395.98	4	2	1	64.8	124.16.164.229:1
396.19	4	2	1	64.8	124.16.164.229:1
396.40	4	2	1	64.8	124.16.164.229:1
396.60	4	2	1	64.8	124.16.164.229:1
396.81	4	2	1	64.8	124.16.164.229:1
397.02	4	2	1	64.8	124.16.164.229:1
397.23	4	2	1	64.8	124.16.164.229:1
397.44	4	2	1	64.8	124.16.164.229:1
397.64	4	2	1	64.8	124.16.164.229:1
397.85	4	2	1	64.8	124.16.164.229:1
398.05	4	2	1	64.8	124.16.164.229:1
398.26	4	2	1	64.8	124.16.164.229:1
398.47	4	2	1	64.8	124.16.164.229:1
398.68	4	2	1	64.8	124.16.164.229:1
398.88	4	1	1	64.8	124.16.164.229:1
399.09	4	1	1	64.8	124.16.164.229:1
399.30	5	0	0	74.4	-
399.50	5	1	1	74.4	124.16.164.229:1
399.71	5	1	1	74.4	124.16.164.229:1
399.91	5	1	1	75.3	124.16.164.229:1
400.12	5	1	1	75.3	124.16.164.229:1
400.33	5	1	1	75.3	124.16.164.229:1
400.53	4	0	0	66.7	-
400.74	4	0	0	66.7	-
400.94	4	0	0	66.7	-
401.14	4	0	0	66.7	-
401.35	4	0	0	66.7	-
401.55	4	0	0	66.7	-
401.76	4	0	0	66.7	-
401.96	4	0	0	66.7	-
402.16	4	0	0	66.7	-
402.37	4	0	0	66.7	-
402.57	4	0	0	66.7	-
402.77	4	0	0	66.7	-
402.98	4	0	0	66.7	-
403.18	4	0	0	66.7	-
403.38	4	0	0	66.7	-
403.59	4	0	0	66.7	-
403.79	4	0	0	66.7	-
403.99	5	0	0	74.4	-
404.20	5	0	0	74.4	-
404.41	5	1	1	74.4	124.16.164.109:1
404.62	5	1	1	74.4	124.16.164.109:1
404.82	5	1	1	75.3	124.16.164.109:1
405.03	5	1	1	75.3	124.16.164.109:1
405.24	5	1	1	75.3	124.16.164.109:1
405.44	5	1	1	75.3	124.16.164.109:1
405.65	5	1	1	75.3	124.16.164.109:1
405.86	5	1	1	75.3	124.16.164.109:1
406.06	5	1	1	75.3	124.16.164.109:1
406.27	5	1	1	75.3	124.16.164.109:1
406.48	5	1	1	75.3	124.16.164.109:1
406.69	5	1	1	75.3	124.16.164.109:1
406.90	5	1	1	75.3	124.16.164.109:1
407.10	5	1	1	75.3	124.16.164.109:1
407.31	5	1	1	75.3	124.16.164.109:1
407.52	5	1	1	75.3	124.16.164.109:1
407.73	5	1	1	75.3	124.16.164.109:1
407.94	5	0	0	74.5	-
408.15	5	0	0	74.5	-
408.36	5	1	1	74.5	124.16.164.109:1
408.56	5	1	1	74.5	124.16.164.109:1
408.77	5	1	1	74.5	124.16.164.109:1
408.98	5	1	1	75.3	124.16.164.109:1
409.18	5	1	1	75.3	124.16.164.109:1
409.39	5	1	1	75.3	124.16.164.109:1
409.60	5	1	1	75.3	124.16.164.109:1
409.80	5	1	1	75.3	124.16.164.109:1
410.01	5	1	1	75.3	124.16.164.109:1
410.22	5	1	1	75.3	124.16.164.109:1
410.43	5	1	1	75.3	124.16.164.109:1
410.63	5	1	1	75.3	124.16.164.109:1
410.84	5	1	1	75.3	124.16.164.109:1
411.05	5	1	1	75.3	124.16.164.109:1
411.26	5	1	1	75.3	124.16.164.109:1
411.46	5	1	1	75.3	124.16.164.109:1
411.67	5	0	0	74.5	-
411.88	5	0	0	74.5	-
412.08	5	1	1	74.5	124.16.164.109:1
412.29	5	1	1	74.5	124.16.164.109:1
412.50	5	1	1	75.4	124.16.164.109:1
412.71	5	1	1	75.4	124.16.164.109:1
412.91	5	1	1	75.4	124.16.164.109:1
413.12	5	1	1	75.4	124.16.164.109:1
413.33	5	1	1	75.4	124.16.164.109:1
413.54	5	0	0	74.3	-
413.74	5	1	1	74.3	124.16.164.109:1
413.95	5	1	1	74.3	124.16.164.109:1
414.15	5	1	1	74.3	124.16.164.109:1
414.36	5	1	1	75.1	124.16.164.109:1
414.58	5	1	1	75.1	124.16.164.109:1
414.78	5	1	1	75.1	124.16.164.109:1
414.99	5	1	1	75.1	124.16.164.109:1
415.20	8	0	0	78.6	-
415.41	8	1	1	78.6	124.16.164.229:1
415.62	8	1	1	78.6	124.16.164.229:1
415.83	8	1	1	78.6	124.16.164.229:1
416.03	8	1	1	78.6	124.16.164.229:1
416.24	8	1	1	78.6	124.16.164.229:1
416.45	8	1	1	78.6	124.16.164.229:1
416.65	8	1	1	78.6	124.16.164.229:1
416.86	8	1	1	78.6	124.16.164.229:1
417.07	8	1	1	78.6	124.16.164.229:1
417.27	8	1	1	78.6	124.16.164.229:1
417.48	8	1	1	78.6	124.16.164.229:1
417.69	8	1	1	78.6	124.16.164.229:1
417.89	8	1	1	78.6	124.16.164.229:1
418.10	8	2	1	78.6	124.16.164.229:1
418.31	8	2	1	78.6	124.16.164.229:1
418.52	8	1	1	78.6	124.16.164.229:1
418.73	8	2	1	78.6	124.16.164.229:1
418.93	8	1	1	78.6	124.16.164.229:1
419.14	8	1	1	78.6	124.16.164.229:1
419.35	4	0	0	64.8	-
419.55	4	1	1	64.8	124.16.164.229:1
419.76	4	1	1	64.8	124.16.164.229:1
419.97	4	1	1	64.8	124.16.164.229:1
420.17	4	1	1	64.8	124.16.164.229:1
420.38	4	1	1	64.8	124.16.164.229:1
420.59	4	1	1	64.8	124.16.164.229:1
420.79	4	1	1	64.8	124.16.164.229:1
421.00	4	1	1	64.8	124.16.164.229:1
421.21	4	1	1	64.8	124.16.164.229:1
421.41	4	1	1	64.8	124.16.164.229:1
421.62	4	1	1	64.8	124.16.164.229:1
421.83	4	1	1	64.8	124.16.164.229:1
422.03	4	1	1	64.8	124.16.164.229:1
422.24	4	1	1	64.8	124.16.164.229:1
422.45	4	1	1	64.8	124.16.164.229:1
422.66	4	1	1	64.8	124.16.164.229:1
422.86	4	1	1	64.8	124.16.164.229:1
423.07	4	1	1	64.8	124.16.164.229:1
423.27	4	1	1	64.8	124.16.164.229:1
423.48	4	1	1	64.8	124.16.164.229:1
423.69	4	1	1	64.8	124.16.164.229:1
423.89	4	1	1	64.8	124.16.164.229:1
424.10	4	1	1	64.8	124.16.164.229:1
424.31	4	1	1	64.8	124.16.164.229:1
424.51	4	1	1	64.8	124.16.164.229:1
424.72	4	1	1	64.8	124.16.164.229:1
424.93	4	1	1	64.8	124.16.164.229:1
425.13	4	1	1	64.8	124.16.164.229:1
425.34	4	1	1	64.8	124.16.164.229:1
425.55	4	1	1	64.8	124.16.164.229:1
425.75	4	0	0	64.8	-
425.96	4	0	0	64.8	-
426.17	4	1	1	64.8	124.16.164.229:1
426.37	4	1	1	64.8	124.16.164.229:1
426.58	4	1	1	64.8	124.16.164.229:1
426.79	4	1	1	64.8	124.16.164.229:1
427.00	4	1	1	64.8	124.16.164.229:1
427.20	4	1	1	64.8	124.16.164.229:1
427.41	4	1	1	64.8	124.16.164.229:1
427.61	4	1	1	64.8	124.16.164.229:1
427.82	4	1	1	64.8	124.16.164.229:1
428.03	4	2	1	64.8	124.16.164.229:1
428.24	4	2	1	64.8	124.16.164.229:1
428.44	4	2	1	64.8	124.16.164.229:1
428.65	4	2	1	64.8	124.16.164.229:1
428.86	4	2	1	64.8	124.16.164.229:1
429.06	4	2	1	64.8	124.16.164.229:1
429.27	4	2	1	64.8	124.16.164.229:1
429.48	4	2	1	64.8	124.16.164.229:1
429.68	4	2	1	64.8	124.16.164.229:1
429.89	4	2	1	64.8	124.16.164.229:1
430.10	4	2	1	64.8	124.16.164.229:1
430.30	4	2	1	64.8	124.16.164.229:1
430.51	4	2	1	64.8	124.16.164.229:1
430.72	4	2	1	64.8	124.16.164.229:1
430.92	4	2	1	64.8	124.16.164.229:1
431.13	4	2	1	64.8	124.16.164.229:1
431.34	4	2	1	64.8	124.16.164.229:1
431.54	4	2	1	64.8	124.16.164.229:1
431.75	4	2	1	64.8	124.16.164.229:1
431.95	4	2	1	64.8	124.16.164.229:1
432.16	4	2	1	64.8	124.16.164.229:1
432.37	4	2	1	64.8	124.16.164.229:1
432.57	4	2	1	64.8	124.16.164.229:1
432.78	4	2	1	64.8	124.16.164.229:1
432.99	4	2	1	64.8	124.16.164.229:1
433.19	4	2	1	64.8	124.16.164.229:1
433.40	4	2	1	64.8	124.16.164.229:1
433.61	4	2	1	64.8	124.16.164.229:1
433.82	4	2	1	64.8	124.16.164.229:1
434.02	4	2	1	64.8	124.16.164.229:1
434.23	4	2	1	64.8	124.16.164.229:1
434.44	4	2	1	64.8	124.16.164.229:1
434.64	4	2	1	64.8	124.16.164.229:1
434.85	4	2	1	64.8	124.16.164.229:1
435.06	4	2	1	64.8	124.16.164.229:1
435.26	4	2	1	64.8	124.16.164.229:1
435.47	4	2	1	64.8	124.16.164.229:1
435.68	4	2	1	64.8	124.16.164.229:1
435.88	4	2	1	64.8	124.16.164.229:1
436.09	4	2	1	64.8	124.16.164.229:1
436.30	4	2	1	64.8	124.16.164.229:1
436.50	4	2	1	64.8	124.16.164.229:1
436.71	4	2	1	64.8	124.16.164.229:1
436.92	4	2	1	64.8	124.16.164.229:1
437.12	4	2	1	64.8	124.16.164.229:1
437.33	4	2	1	64.8	124.16.164.229:1
437.54	4	2	1	64.8	124.16.164.229:1
437.74	4	2	1	64.8	124.16.164.229:1
437.95	4	2	1	64.8	124.16.164.229:1
438.16	4	2	1	64.8	124.16.164.229:1
438.37	4	2	1	64.8	124.16.164.229:1
438.57	4	2	1	64.8	124.16.164.229:1
438.78	4	2	1	64.8	124.16.164.229:1
438.99	4	2	1	64.8	124.16.164.229:1
439.19	4	2	1	64.8	124.16.164.229:1
439.40	4	2	1	64.8	124.16.164.229:1
439.61	4	2	1	64.8	124.16.164.229:1
439.82	4	2	1	64.8	124.16.164.229:1
440.02	4	2	1	64.8	124.16.164.229:1
440.23	4	2	1	64.8	124.16.164.229:1
440.43	4	2	1	64.8	124.16.164.229:1
440.64	4	2	1	64.8	124.16.164.229:1
440.85	4	2	1	64.8	124.16.164.229:1
441.05	4	2	1	64.8	124.16.164.229:1
441.26	4	2	1	64.8	124.16.164.229:1
441.47	4	2	1	64.8	124.16.164.229:1
441.68	4	2	1	64.8	124.16.164.229:1
441.88	4	2	1	64.8	124.16.164.229:1
442.09	4	2	1	64.8	124.16.164.229:1
442.29	4	2	1	64.8	124.16.164.229:1
442.50	4	2	1	64.8	124.16.164.229:1
442.71	4	2	1	64.8	124.16.164.229:1
442.92	4	2	1	64.8	124.16.164.229:1
443.12	4	2	1	64.8	124.16.164.229:1
443.33	4	2	1	64.8	124.16.164.229:1
443.54	4	2	1	64.8	124.16.164.229:1
443.75	4	2	1	64.8	124.16.164.229:1
443.96	4	2	1	64.8	124.16.164.229:1
444.16	4	2	1	64.8	124.16.164.229:1
444.37	4	2	1	64.8	124.16.164.229:1
444.58	4	2	1	64.8	124.16.164.229:1
444.79	4	2	1	64.8	124.16.164.229:1
445.00	4	2	1	64.8	124.16.164.229:1
445.20	4	2	1	64.8	124.16.164.229:1
445.41	4	2	1	64.8	124.16.164.229:1
445.62	4	2	1	64.8	124.16.164.229:1
445.83	4	2	1	64.8	124.16.164.229:1
446.03	4	2	1	64.8	124.16.164.229:1
446.24	4	2	1	64.8	124.16.164.229:1
446.45	4	2	1	64.8	124.16.164.229:1
446.65	4	2	1	64.8	124.16.164.229:1
446.86	4	2	1	64.8	124.16.164.229:1
447.07	4	2	1	64.8	124.16.164.229:1
447.27	4	2	1	64.8	124.16.164.229:1
447.48	4	2	1	64.8	124.16.164.229:1
447.69	4	2	1	64.8	124.16.164.229:1
447.89	4	2	1	64.8	124.16.164.229:1
448.10	4	2	1	64.8	124.16.164.229:1
448.31	4	2	1	64.8	124.16.164.229:1
448.51	4	2	1	64.8	124.16.164.229:1
448.72	4	2	1	64.8	124.16.164.229:1
448.93	4	2	1	64.8	124.16.164.229:1
449.13	4	2	1	64.8	124.16.164.229:1
449.34	4	2	1	64.8	124.16.164.229:1
449.54	4	2	1	64.8	124.16.164.229:1
449.75	4	2	1	64.8	124.16.164.229:1
449.96	4	2	1	64.8	124.16.164.229:1
450.16	4	2	1	64.8	124.16.164.229:1
450.37	4	2	1	64.8	124.16.164.229:1
450.58	4	2	1	64.8	124.16.164.229:1
450.79	4	2	1	64.8	124.16.164.229:1
450.99	4	2	1	64.8	124.16.164.229:1
451.20	4	2	1	64.8	124.16.164.229:1
451.41	4	2	1	64.8	124.16.164.229:1
451.61	4	2	1	64.8	124.16.164.229:1
451.82	4	2	1	64.8	124.16.164.229:1
452.03	4	2	1	64.8	124.16.164.229:1
452.24	4	2	1	64.8	124.16.164.229:1
452.45	4	2	1	64.8	124.16.164.229:1
452.66	4	2	1	64.8	124.16.164.229:1
452.86	4	2	1	64.8	124.16.164.229:1
453.07	4	2	1	64.8	124.16.164.229:1
453.28	4	2	1	64.8	124.16.164.229:1
453.49	4	2	1	64.8	124.16.164.229:1
453.70	4	2	1	64.8	124.16.164.229:1
453.90	4	2	1	64.8	124.16.164.229:1
454.11	4	2	1	64.8	124.16.164.229:1
454.32	4	2	1	64.8	124.16.164.229:1
454.52	4	2	1	64.8	124.16.164.229:1
454.73	4	2	1	64.8	124.16.164.229:1
454.94	4	2	1	64.8	124.16.164.229:1
455.15	4	2	1	64.8	124.16.164.229:1
455.35	4	2	1	64.8	124.16.164.229:1
455.56	4	2	1	64.8	124.16.164.229:1
455.77	4	2	1	64.8	124.16.164.229:1
455.98	4	2	1	64.8	124.16.164.229:1
456.18	4	2	1	64.8	124.16.164.229:1
456.39	4	2	1	64.8	124.16.164.229:1
456.60	4	2	1	64.8	124.16.164.229:1
456.81	4	2	1	64.8	124.16.164.229:1
457.01	4	2	1	64.8	124.16.164.229:1
457.22	4	2	1	64.8	124.16.164.229:1
457.43	4	2	1	64.8	124.16.164.229:1
457.63	4	2	1	64.8	124.16.164.229:1
457.84	4	2	1	64.8	124.16.164.229:1
458.05	4	2	1	64.8	124.16.164.229:1
458.25	4	2	1	64.8	124.16.164.229:1
458.46	4	2	1	64.8	124.16.164.229:1
458.67	4	2	1	64.8	124.16.164.229:1
458.88	4	2	1	64.8	124.16.164.229:1
459.08	4	2	1	64.8	124.16.164.229:1
459.29	4	2	1	64.8	124.16.164.229:1
459.50	4	2	1	64.8	124.16.164.229:1
459.70	4	2	1	64.8	124.16.164.229:1
459.91	4	2	1	64.8	124.16.164.229:1
460.12	4	2	1	64.8	124.16.164.229:1
460.32	4	2	1	64.8	124.16.164.229:1
460.53	4	2	1	64.8	124.16.164.229:1
460.74	4	2	1	64.8	124.16.164.229:1
460.94	4	2	1	64.8	124.16.164.229:1
461.15	4	2	1	64.8	124.16.164.229:1
461.36	4	2	1	64.8	124.16.164.229:1
461.56	4	2	1	64.8	124.16.164.229:1
461.77	4	2	1	64.8	124.16.164.229:1
461.98	4	2	1	64.8	124.16.164.229:1
462.18	4	2	1	64.8	124.16.164.229:1
462.39	4	2	1	64.8	124.16.164.229:1
462.60	4	2	1	64.8	124.16.164.229:1
462.81	4	2	1	64.8	124.16.164.229:1
463.01	4	2	1	64.8	124.16.164.229:1
463.22	4	2	1	64.8	124.16.164.229:1
463.43	4	2	1	64.8	124.16.164.229:1
463.64	4	2	1	64.8	124.16.164.229:1
463.84	4	2	1	64.8	124.16.164.229:1
464.05	4	2	1	64.8	124.16.164.229:1
464.26	4	2	1	64.8	124.16.164.229:1
464.47	4	2	1	64.8	124.16.164.229:1
464.67	4	2	1	64.8	124.16.164.229:1
464.88	4	2	1	64.8	124.16.164.229:1
465.09	4	2	1	64.8	124.16.164.229:1
465.29	4	2	1	64.8	124.16.164.229:1
465.50	4	2	1	64.8	124.16.164.229:1
465.71	4	2	1	64.8	124.16.164.229:1
465.91	4	2	1	64.8	124.16.164.229:1
466.12	4	2	1	64.8	124.16.164.229:1
466.33	4	2	1	64.8	124.16.164.229:1
466.54	4	2	1	64.8	124.16.164.229:1
466.74	4	2	1	64.8	124.16.164.229:1
466.95	4	2	1	64.8	124.16.164.229:1
467.16	4	2	1	64.8	124.16.164.229:1
467.36	4	2	1	64.8	124.16.164.229:1
467.57	4	2	1	64.8	124.16.164.229:1
467.78	4	2	1	64.8	124.16.164.229:1
467.98	4	2	1	64.8	124.16.164.229:1
468.19	4	2	1	64.8	124.16.164.229:1
468.40	4	2	1	64.8	124.16.164.229:1
468.60	4	2	1	64.8	124.16.164.229:1
468.81	4	2	1	64.8	124.16.164.229:1
469.02	4	2	1	64.8	124.16.164.229:1
469.23	4	2	1	64.8	124.16.164.229:1
469.43	4	2	1	64.8	124.16.164.229:1
469.64	4	2	1	64.8	124.16.164.229:1
469.85	4	2	1	64.8	124.16.164.229:1
470.05	4	2	1	64.8	124.16.164.229:1
470.26	4	2	1	64.8	124.16.164.229:1
470.47	4	2	1	64.8	124.16.164.229:1
470.68	4	2	1	64.8	124.16.164.229:1
470.89	4	2	1	64.8	124.16.164.229:1
471.09	4	2	1	64.8	124.16.164.229:1
471.30	4	2	1	64.8	124.16.164.229:1
471.51	4	2	1	64.8	124.16.164.229:1
471.71	4	2	1	64.8	124.16.164.229:1
471.92	4	2	1	64.8	124.16.164.229:1
472.13	4	2	1	64.8	124.16.164.229:1
472.34	4	2	1	64.8	124.16.164.229:1
472.54	4	2	1	64.8	124.16.164.229:1
472.75	4	2	1	64.8	124.16.164.229:1
472.96	4	2	1	64.8	124.16.164.229:1
473.16	4	2	1	64.8	124.16.164.229:1
473.37	4	2	1	64.8	124.16.164.229:1
473.58	4	2	1	64.8	124.16.164.229:1
473.78	4	2	1	64.8	124.16.164.229:1
473.99	4	2	1	64.8	124.16.164.229:1
474.20	4	2	1	64.8	124.16.164.229:1
474.40	4	2	1	64.8	124.16.164.229:1
474.61	4	2	1	64.8	124.16.164.229:1
474.82	4	2	1	64.8	124.16.164.229:1
475.03	4	2	1	64.8	124.16.164.229:1
475.23	4	2	1	64.8	124.16.164.229:1
475.44	4	2	1	64.8	124.16.164.229:1
475.65	4	2	1	64.8	124.16.164.229:1
475.85	4	2	1	64.8	124.16.164.229:1
476.06	4	2	1	64.8	124.16.164.229:1
476.27	4	2	1	64.8	124.16.164.229:1
476.48	4	2	1	64.8	124.16.164.229:1
476.68	4	2	1	64.8	124.16.164.229:1
476.89	4	2	1	64.8	124.16.164.229:1
477.10	4	2	1	64.8	124.16.164.229:1
477.31	4	2	1	64.8	124.16.164.229:1
477.51	4	2	1	64.8	124.16.164.229:1
477.72	4	2	1	64.8	124.16.164.229:1
477.93	4	2	1	64.8	124.16.164.229:1
478.13	4	2	1	64.8	124.16.164.229:1
478.34	4	2	1	64.8	124.16.164.229:1
478.55	4	2	1	64.8	124.16.164.229:1
478.75	4	2	1	64.8	124.16.164.229:1
478.96	4	2	1	64.8	124.16.164.229:1
479.17	4	2	1	64.8	124.16.164.229:1
479.38	4	2	1	64.8	124.16.164.229:1
479.58	4	2	1	64.8	124.16.164.229:1
479.79	4	2	1	64.8	124.16.164.229:1
480.00	4	2	1	64.8	124.16.164.229:1
480.20	4	2	1	64.8	124.16.164.229:1
480.41	4	2	1	64.8	124.16.164.229:1
480.62	4	2	1	64.8	124.16.164.229:1
480.82	4	2	1	64.8	124.16.164.229:1
481.03	4	2	1	64.8	124.16.164.229:1
481.24	4	2	1	64.8	124.16.164.229:1
481.44	4	2	1	64.8	124.16.164.229:1
481.65	4	2	1	64.8	124.16.164.229:1
481.86	4	2	1	64.8	124.16.164.229:1
482.06	4	2	1	64.8	124.16.164.229:1
482.27	4	2	1	64.8	124.16.164.229:1
482.48	4	2	1	64.8	124.16.164.229:1
482.68	4	2	1	64.8	124.16.164.229:1
482.89	4	2	1	64.8	124.16.164.229:1
483.10	4	2	1	64.8	124.16.164.229:1
483.31	4	2	1	64.8	124.16.164.229:1
483.51	4	2	1	64.8	124.16.164.229:1
483.72	4	2	1	64.8	124.16.164.229:1
483.93	4	2	1	64.8	124.16.164.229:1
484.14	4	2	1	64.8	124.16.164.229:1
484.34	4	2	1	64.8	124.16.164.229:1
484.55	4	2	1	64.8	124.16.164.229:1
484.76	4	2	1	64.8	124.16.164.229:1
484.97	4	2	1	64.8	124.16.164.229:1
485.17	4	2	1	64.8	124.16.164.229:1
485.38	4	2	1	64.8	124.16.164.229:1
485.59	4	2	1	64.8	124.16.164.229:1
485.79	4	2	1	64.8	124.16.164.229:1
486.00	4	2	1	64.8	124.16.164.229:1
486.21	4	2	1	64.8	124.16.164.229:1
486.41	4	2	1	64.8	124.16.164.229:1
486.62	4	2	1	64.8	124.16.164.229:1
486.83	4	2	1	64.8	124.16.164.229:1
487.03	4	2	1	64.8	124.16.164.229:1
487.24	4	2	1	64.8	124.16.164.229:1
487.45	4	2	1	64.8	124.16.164.229:1
487.65	4	2	1	64.8	124.16.164.229:1
487.86	4	2	1	64.8	124.16.164.229:1
488.07	4	2	1	64.8	124.16.164.229:1
488.27	4	2	1	64.8	124.16.164.229:1
488.48	4	2	1	64.8	124.16.164.229:1
488.69	4	2	1	64.8	124.16.164.229:1
488.89	4	2	1	64.8	124.16.164.229:1
489.10	4	2	1	64.8	124.16.164.229:1
489.31	4	2	1	64.8	124.16.164.229:1
489.51	4	2	1	64.8	124.16.164.229:1
489.72	4	2	1	64.8	124.16.164.229:1
489.93	4	2	1	64.8	124.16.164.229:1
490.13	4	2	1	64.8	124.16.164.229:1
490.34	4	2	1	64.8	124.16.164.229:1
490.55	4	2	1	64.8	124.16.164.229:1
490.75	4	2	1	64.8	124.16.164.229:1
490.96	4	2	1	64.8	124.16.164.229:1
491.17	4	2	1	64.8	124.16.164.229:1
491.38	4	2	1	64.8	124.16.164.229:1
491.58	4	2	1	64.8	124.16.164.229:1
491.79	4	2	1	64.8	124.16.164.229:1
492.00	4	2	1	64.8	124.16.164.229:1
492.20	4	2	1	64.8	124.16.164.229:1
492.41	4	2	1	64.8	124.16.164.229:1
492.62	4	2	1	64.8	124.16.164.229:1
492.82	4	2	1	64.8	124.16.164.229:1
493.03	4	2	1	64.8	124.16.164.229:1
493.24	4	2	1	64.8	124.16.164.229:1
493.44	4	2	1	64.8	124.16.164.229:1
493.65	4	2	1	64.8	124.16.164.229:1
493.86	4	2	1	64.8	124.16.164.229:1
494.06	4	2	1	64.8	124.16.164.229:1
494.27	4	2	1	64.8	124.16.164.229:1
494.48	4	2	1	64.8	124.16.164.229:1
494.68	4	2	1	64.8	124.16.164.229:1
494.89	4	2	1	64.8	124.16.164.229:1
495.10	4	2	1	64.8	124.16.164.229:1
495.30	4	2	1	64.8	124.16.164.229:1
495.51	4	2	1	64.8	124.16.164.229:1
495.72	4	2	1	64.8	124.16.164.229:1
495.93	4	2	1	64.8	124.16.164.229:1
496.13	4	2	1	64.8	124.16.164.229:1
496.34	4	2	1	64.8	124.16.164.229:1
496.55	4	1	1	64.8	124.16.164.229:1
496.75	4	1	1	64.8	124.16.164.229:1
496.96	4	1	1	64.8	124.16.164.229:1
497.17	5	0	0	74.5	-
497.37	5	0	0	74.5	-
497.58	5	0	0	74.5	-
497.79	5	0	0	74.5	-
498.00	5	0	0	74.5	-
498.20	5	0	0	74.5	-
498.41	5	0	0	74.5	-
498.62	5	0	0	74.5	-
498.82	5	0	0	74.5	-
499.03	5	0	0	74.5	-
499.24	5	0	0	74.5	-
499.45	5	0	0	74.5	-
499.65	5	0	0	74.5	-
499.86	5	0	0	74.5	-
500.07	5	0	0	74.5	-
500.27	5	1	1	74.5	124.16.164.229:1
500.48	5	1	1	74.5	124.16.164.229:1
500.68	5	1	1	75.3	124.16.164.229:1
500.89	5	1	1	75.3	124.16.164.229:1
501.10	5	1	1	75.3	124.16.164.229:1
501.31	5	1	1	75.3	124.16.164.229:1
501.51	4	0	0	66.7	-
501.72	4	0	0	66.7	-
501.92	4	0	0	66.7	-
502.12	4	0	0	66.7	-
502.33	4	0	0	66.7	-
